output_stem,source,source_image,source_label,split,group_id,object_count
current_current_arch_train_0000,current,E:\Tech Challenge IADT - Fase 5 - Hackathon\dataset\hybrid_v2\images\train\current_arch_train_0000.jpg,E:\Tech Challenge IADT - Fase 5 - Hackathon\dataset\hybrid_v2\labels\train\current_arch_train_0000.txt,train,current_arch_train_0000,7
current_current_arch_train_0001,current,E:\Tech Challenge IADT - Fase 5 - Hackathon\dataset\hybrid_v2\images\train\current_arch_train_0001.jpg,E:\Tech Challenge IADT - Fase 5 - Hackathon\dataset\hybrid_v2\labels\train\current_arch_train_0001.txt,train,current_arch_train_0001,7
current_current_arch_train_0002,current,E:\Tech Challenge IADT - Fase 5 - Hackathon\dataset\hybrid_v2\images\train\current_arch_train_0002.jpg,E:\Tech Challenge IADT - Fase 5 - Hackathon\dataset\hybrid_v2\labels\train\current_arch_train_0002.txt,train,current_arch_train_0002,10
current_current_arch_train_0003,current,E:\Tech Challenge IADT - Fase 5 - Hackathon\dataset\hybrid_v2\images\train\current_arch_train_0003.jpg,E:\Tech Challenge IADT - Fase 5 - Hackathon\dataset\hybrid_v2\labels\train\current_arch_train_0003.txt,train,current_arch_train_0003,7
current_current_arch_train_0004,current,E:\Tech Challenge IADT - Fase 5 - Hackathon\dataset\hybrid_v2\images\train\current_arch_train_0004.jpg,E:\Tech Challenge IADT - Fase 5 - Hackathon\dataset\hybrid_v2\labels\train\current_arch_train_0004.txt,train,current_arch_train_0004,5
current_current_arch_train_0005,current,E:\Tech Challenge IADT - Fase 5 - Hackathon\dataset\hybrid_v2\images\train\current_arch_train_0005.jpg,E:\Tech Challenge IADT - Fase 5 - Hackathon\dataset\hybrid_v2\labels\train\current_arch_train_0005.txt,train,current_arch_train_0005,6
current_current_arch_train_0006,current,E:\Tech Challenge IADT - Fase 5 - Hackathon\dataset\hybrid_v2\images\train\current_arch_train_0006.jpg,E:\Tech Challenge IADT - Fase 5 - Hackathon\dataset\hybrid_v2\labels\train\current_arch_train_0006.txt,train,current_arch_train_0006,5
current_current_arch_train_0007,current,E:\Tech Challenge IADT - Fase 5 - Hackathon\dataset\hybrid_v2\images\train\current_arch_train_0007.jpg,E:\Tech Challenge IADT - Fase 5 - Hackathon\dataset\hybrid_v2\labels\train\current_arch_train_0007.txt,train,current_arch_train_0007,8
current_current_arch_train_0008,current,E:\Tech Challenge IADT - Fase 5 - Hackathon\dataset\hybrid_v2\images\train\current_arch_train_0008.jpg,E:\Tech Challenge IADT - Fase 5 - Hackathon\dataset\hybrid_v2\labels\train\current_arch_train_0008.txt,train,current_arch_train_0008,10
current_current_arch_train_0009,current,E:\Tech Challenge IADT - Fase 5 - Hackathon\dataset\hybrid_v2\images\train\current_arch_train_0009.jpg,E:\Tech Challenge IADT - Fase 5 - Hackathon\dataset\hybrid_v2\labels\train\current_arch_train_0009.txt,train,current_arch_train_0009,6
current_current_arch_train_0010,current,E:\Tech Challenge IADT - Fase 5 - Hackathon\dataset\hybrid_v2\images\train\current_arch_train_0010.jpg,E:\Tech Challenge IADT - Fase 5 - Hackathon\dataset\hybrid_v2\labels\train\current_arch_train_0010.txt,train,current_arch_train_0010,5
current_current_arch_train_0011,current,E:\Tech Challenge IADT - Fase 5 - Hackathon\dataset\hybrid_v2\images\train\current_arch_train_0011.jpg,E:\Tech Challenge IADT - Fase 5 - Hackathon\dataset\hybrid_v2\labels\train\current_arch_train_0011.txt,train,current_arch_train_0011,9
current_current_arch_train_0012,current,E:\Tech Challenge IADT - Fase 5 - Hackathon\dataset\hybrid_v2\images\train\current_arch_train_0012.jpg,E:\Tech Challenge IADT - Fase 5 - Hackathon\dataset\hybrid_v2\labels\train\current_arch_train_0012.txt,train,current_arch_train_0012,8
current_current_arch_train_0013,current,E:\Tech Challenge IADT - Fase 5 - Hackathon\dataset\hybrid_v2\images\train\current_arch_train_0013.jpg,E:\Tech Challenge IADT - Fase 5 - Hackathon\dataset\hybrid_v2\labels\train\current_arch_train_0013.txt,train,current_arch_train_0013,9
current_current_arch_train_0014,current,E:\Tech Challenge IADT - Fase 5 - Hackathon\dataset\hybrid_v2\images\train\current_arch_train_0014.jpg,E:\Tech Challenge IADT - Fase 5 - Hackathon\dataset\hybrid_v2\labels\train\current_arch_train_0014.txt,train,current_arch_train_0014,8
current_current_arch_train_0015,current,E:\Tech Challenge IADT - Fase 5 - Hackathon\dataset\hybrid_v2\images\train\current_arch_train_0015.jpg,E:\Tech Challenge IADT - Fase 5 - Hackathon\dataset\hybrid_v2\labels\train\current_arch_train_0015.txt,train,current_arch_train_0015,9
current_current_arch_train_0016,current,E:\Tech Challenge IADT - Fase 5 - Hackathon\dataset\hybrid_v2\images\train\current_arch_train_0016.jpg,E:\Tech Challenge IADT - Fase 5 - Hackathon\dataset\hybrid_v2\labels\train\current_arch_train_0016.txt,train,current_arch_train_0016,6
current_current_arch_train_0017,current,E:\Tech Challenge IADT - Fase 5 - Hackathon\dataset\hybrid_v2\images\train\current_arch_train_0017.jpg,E:\Tech Challenge IADT - Fase 5 - Hackathon\dataset\hybrid_v2\labels\train\current_arch_train_0017.txt,train,current_arch_train_0017,8
current_current_arch_train_0018,current,E:\Tech Challenge IADT - Fase 5 - Hackathon\dataset\hybrid_v2\images\train\current_arch_train_0018.jpg,E:\Tech Challenge IADT - Fase 5 - Hackathon\dataset\hybrid_v2\labels\train\current_arch_train_0018.txt,train,current_arch_train_0018,8
current_current_arch_train_0019,current,E:\Tech Challenge IADT - Fase 5 - Hackathon\dataset\hybrid_v2\images\train\current_arch_train_0019.jpg,E:\Tech Challenge IADT - Fase 5 - Hackathon\dataset\hybrid_v2\labels\train\current_arch_train_0019.txt,train,current_arch_train_0019,6
current_current_arch_train_0020,current,E:\Tech Challenge IADT - Fase 5 - Hackathon\dataset\hybrid_v2\images\train\current_arch_train_0020.jpg,E:\Tech Challenge IADT - Fase 5 - Hackathon\dataset\hybrid_v2\labels\train\current_arch_train_0020.txt,train,current_arch_train_0020,6
current_current_arch_train_0021,current,E:\Tech Challenge IADT - Fase 5 - Hackathon\dataset\hybrid_v2\images\train\current_arch_train_0021.jpg,E:\Tech Challenge IADT - Fase 5 - Hackathon\dataset\hybrid_v2\labels\train\current_arch_train_0021.txt,train,current_arch_train_0021,6
current_current_arch_train_0022,current,E:\Tech Challenge IADT - Fase 5 - Hackathon\dataset\hybrid_v2\images\train\current_arch_train_0022.jpg,E:\Tech Challenge IADT - Fase 5 - Hackathon\dataset\hybrid_v2\labels\train\current_arch_train_0022.txt,train,current_arch_train_0022,8
current_current_arch_train_0023,current,E:\Tech Challenge IADT - Fase 5 - Hackathon\dataset\hybrid_v2\images\train\current_arch_train_0023.jpg,E:\Tech Challenge IADT - Fase 5 - Hackathon\dataset\hybrid_v2\labels\train\current_arch_train_0023.txt,train,current_arch_train_0023,8
current_current_arch_train_0024,current,E:\Tech Challenge IADT - Fase 5 - Hackathon\dataset\hybrid_v2\images\train\current_arch_train_0024.jpg,E:\Tech Challenge IADT - Fase 5 - Hackathon\dataset\hybrid_v2\labels\train\current_arch_train_0024.txt,train,current_arch_train_0024,8
current_current_arch_train_0025,current,E:\Tech Challenge IADT - Fase 5 - Hackathon\dataset\hybrid_v2\images\train\current_arch_train_0025.jpg,E:\Tech Challenge IADT - Fase 5 - Hackathon\dataset\hybrid_v2\labels\train\current_arch_train_0025.txt,train,current_arch_train_0025,8
current_current_arch_train_0026,current,E:\Tech Challenge IADT - Fase 5 - Hackathon\dataset\hybrid_v2\images\train\current_arch_train_0026.jpg,E:\Tech Challenge IADT - Fase 5 - Hackathon\dataset\hybrid_v2\labels\train\current_arch_train_0026.txt,train,current_arch_train_0026,8
current_current_arch_train_0027,current,E:\Tech Challenge IADT - Fase 5 - Hackathon\dataset\hybrid_v2\images\train\current_arch_train_0027.jpg,E:\Tech Challenge IADT - Fase 5 - Hackathon\dataset\hybrid_v2\labels\train\current_arch_train_0027.txt,train,current_arch_train_0027,9
current_current_arch_train_0028,current,E:\Tech Challenge IADT - Fase 5 - Hackathon\dataset\hybrid_v2\images\train\current_arch_train_0028.jpg,E:\Tech Challenge IADT - Fase 5 - Hackathon\dataset\hybrid_v2\labels\train\current_arch_train_0028.txt,train,current_arch_train_0028,8
current_current_arch_train_0029,current,E:\Tech Challenge IADT - Fase 5 - Hackathon\dataset\hybrid_v2\images\train\current_arch_train_0029.jpg,E:\Tech Challenge IADT - Fase 5 - Hackathon\dataset\hybrid_v2\labels\train\current_arch_train_0029.txt,train,current_arch_train_0029,6
current_current_arch_train_0030,current,E:\Tech Challenge IADT - Fase 5 - Hackathon\dataset\hybrid_v2\images\train\current_arch_train_0030.jpg,E:\Tech Challenge IADT - Fase 5 - Hackathon\dataset\hybrid_v2\labels\train\current_arch_train_0030.txt,train,current_arch_train_0030,7
current_current_arch_train_0031,current,E:\Tech Challenge IADT - Fase 5 - Hackathon\dataset\hybrid_v2\images\train\current_arch_train_0031.jpg,E:\Tech Challenge IADT - Fase 5 - Hackathon\dataset\hybrid_v2\labels\train\current_arch_train_0031.txt,train,current_arch_train_0031,9
current_current_arch_train_0032,current,E:\Tech Challenge IADT - Fase 5 - Hackathon\dataset\hybrid_v2\images\train\current_arch_train_0032.jpg,E:\Tech Challenge IADT - Fase 5 - Hackathon\dataset\hybrid_v2\labels\train\current_arch_train_0032.txt,train,current_arch_train_0032,6
current_current_arch_train_0033,current,E:\Tech Challenge IADT - Fase 5 - Hackathon\dataset\hybrid_v2\images\train\current_arch_train_0033.jpg,E:\Tech Challenge IADT - Fase 5 - Hackathon\dataset\hybrid_v2\labels\train\current_arch_train_0033.txt,train,current_arch_train_0033,9
current_current_arch_train_0034,current,E:\Tech Challenge IADT - Fase 5 - Hackathon\dataset\hybrid_v2\images\train\current_arch_train_0034.jpg,E:\Tech Challenge IADT - Fase 5 - Hackathon\dataset\hybrid_v2\labels\train\current_arch_train_0034.txt,train,current_arch_train_0034,5
current_current_arch_train_0035,current,E:\Tech Challenge IADT - Fase 5 - Hackathon\dataset\hybrid_v2\images\train\current_arch_train_0035.jpg,E:\Tech Challenge IADT - Fase 5 - Hackathon\dataset\hybrid_v2\labels\train\current_arch_train_0035.txt,train,current_arch_train_0035,9
current_current_arch_train_0036,current,E:\Tech Challenge IADT - Fase 5 - Hackathon\dataset\hybrid_v2\images\train\current_arch_train_0036.jpg,E:\Tech Challenge IADT - Fase 5 - Hackathon\dataset\hybrid_v2\labels\train\current_arch_train_0036.txt,train,current_arch_train_0036,8
current_current_arch_train_0037,current,E:\Tech Challenge IADT - Fase 5 - Hackathon\dataset\hybrid_v2\images\train\current_arch_train_0037.jpg,E:\Tech Challenge IADT - Fase 5 - Hackathon\dataset\hybrid_v2\labels\train\current_arch_train_0037.txt,train,current_arch_train_0037,9
current_current_arch_train_0038,current,E:\Tech Challenge IADT - Fase 5 - Hackathon\dataset\hybrid_v2\images\train\current_arch_train_0038.jpg,E:\Tech Challenge IADT - Fase 5 - Hackathon\dataset\hybrid_v2\labels\train\current_arch_train_0038.txt,train,current_arch_train_0038,7
current_current_arch_train_0039,current,E:\Tech Challenge IADT - Fase 5 - Hackathon\dataset\hybrid_v2\images\train\current_arch_train_0039.jpg,E:\Tech Challenge IADT - Fase 5 - Hackathon\dataset\hybrid_v2\labels\train\current_arch_train_0039.txt,train,current_arch_train_0039,9
current_current_arch_train_0040,current,E:\Tech Challenge IADT - Fase 5 - Hackathon\dataset\hybrid_v2\images\train\current_arch_train_0040.jpg,E:\Tech Challenge IADT - Fase 5 - Hackathon\dataset\hybrid_v2\labels\train\current_arch_train_0040.txt,train,current_arch_train_0040,8
current_current_arch_train_0041,current,E:\Tech Challenge IADT - Fase 5 - Hackathon\dataset\hybrid_v2\images\train\current_arch_train_0041.jpg,E:\Tech Challenge IADT - Fase 5 - Hackathon\dataset\hybrid_v2\labels\train\current_arch_train_0041.txt,train,current_arch_train_0041,6
current_current_arch_train_0042,current,E:\Tech Challenge IADT - Fase 5 - Hackathon\dataset\hybrid_v2\images\train\current_arch_train_0042.jpg,E:\Tech Challenge IADT - Fase 5 - Hackathon\dataset\hybrid_v2\labels\train\current_arch_train_0042.txt,train,current_arch_train_0042,8
current_current_arch_train_0043,current,E:\Tech Challenge IADT - Fase 5 - Hackathon\dataset\hybrid_v2\images\train\current_arch_train_0043.jpg,E:\Tech Challenge IADT - Fase 5 - Hackathon\dataset\hybrid_v2\labels\train\current_arch_train_0043.txt,train,current_arch_train_0043,6
current_current_arch_train_0044,current,E:\Tech Challenge IADT - Fase 5 - Hackathon\dataset\hybrid_v2\images\train\current_arch_train_0044.jpg,E:\Tech Challenge IADT - Fase 5 - Hackathon\dataset\hybrid_v2\labels\train\current_arch_train_0044.txt,train,current_arch_train_0044,10
current_current_arch_train_0045,current,E:\Tech Challenge IADT - Fase 5 - Hackathon\dataset\hybrid_v2\images\train\current_arch_train_0045.jpg,E:\Tech Challenge IADT - Fase 5 - Hackathon\dataset\hybrid_v2\labels\train\current_arch_train_0045.txt,train,current_arch_train_0045,8
current_current_arch_train_0046,current,E:\Tech Challenge IADT - Fase 5 - Hackathon\dataset\hybrid_v2\images\train\current_arch_train_0046.jpg,E:\Tech Challenge IADT - Fase 5 - Hackathon\dataset\hybrid_v2\labels\train\current_arch_train_0046.txt,train,current_arch_train_0046,6
current_current_arch_train_0047,current,E:\Tech Challenge IADT - Fase 5 - Hackathon\dataset\hybrid_v2\images\train\current_arch_train_0047.jpg,E:\Tech Challenge IADT - Fase 5 - Hackathon\dataset\hybrid_v2\labels\train\current_arch_train_0047.txt,train,current_arch_train_0047,5
current_current_arch_train_0048,current,E:\Tech Challenge IADT - Fase 5 - Hackathon\dataset\hybrid_v2\images\train\current_arch_train_0048.jpg,E:\Tech Challenge IADT - Fase 5 - Hackathon\dataset\hybrid_v2\labels\train\current_arch_train_0048.txt,train,current_arch_train_0048,10
current_current_arch_train_0049,current,E:\Tech Challenge IADT - Fase 5 - Hackathon\dataset\hybrid_v2\images\train\current_arch_train_0049.jpg,E:\Tech Challenge IADT - Fase 5 - Hackathon\dataset\hybrid_v2\labels\train\current_arch_train_0049.txt,train,current_arch_train_0049,8
current_current_arch_train_0050,current,E:\Tech Challenge IADT - Fase 5 - Hackathon\dataset\hybrid_v2\images\train\current_arch_train_0050.jpg,E:\Tech Challenge IADT - Fase 5 - Hackathon\dataset\hybrid_v2\labels\train\current_arch_train_0050.txt,train,current_arch_train_0050,9
current_current_arch_train_0051,current,E:\Tech Challenge IADT - Fase 5 - Hackathon\dataset\hybrid_v2\images\train\current_arch_train_0051.jpg,E:\Tech Challenge IADT - Fase 5 - Hackathon\dataset\hybrid_v2\labels\train\current_arch_train_0051.txt,train,current_arch_train_0051,10
current_current_arch_train_0052,current,E:\Tech Challenge IADT - Fase 5 - Hackathon\dataset\hybrid_v2\images\train\current_arch_train_0052.jpg,E:\Tech Challenge IADT - Fase 5 - Hackathon\dataset\hybrid_v2\labels\train\current_arch_train_0052.txt,train,current_arch_train_0052,5
current_current_arch_train_0053,current,E:\Tech Challenge IADT - Fase 5 - Hackathon\dataset\hybrid_v2\images\train\current_arch_train_0053.jpg,E:\Tech Challenge IADT - Fase 5 - Hackathon\dataset\hybrid_v2\labels\train\current_arch_train_0053.txt,train,current_arch_train_0053,8
current_current_arch_train_0054,current,E:\Tech Challenge IADT - Fase 5 - Hackathon\dataset\hybrid_v2\images\train\current_arch_train_0054.jpg,E:\Tech Challenge IADT - Fase 5 - Hackathon\dataset\hybrid_v2\labels\train\current_arch_train_0054.txt,train,current_arch_train_0054,8
current_current_arch_train_0055,current,E:\Tech Challenge IADT - Fase 5 - Hackathon\dataset\hybrid_v2\images\train\current_arch_train_0055.jpg,E:\Tech Challenge IADT - Fase 5 - Hackathon\dataset\hybrid_v2\labels\train\current_arch_train_0055.txt,train,current_arch_train_0055,6
current_current_arch_train_0056,current,E:\Tech Challenge IADT - Fase 5 - Hackathon\dataset\hybrid_v2\images\train\current_arch_train_0056.jpg,E:\Tech Challenge IADT - Fase 5 - Hackathon\dataset\hybrid_v2\labels\train\current_arch_train_0056.txt,train,current_arch_train_0056,6
current_current_arch_train_0057,current,E:\Tech Challenge IADT - Fase 5 - Hackathon\dataset\hybrid_v2\images\train\current_arch_train_0057.jpg,E:\Tech Challenge IADT - Fase 5 - Hackathon\dataset\hybrid_v2\labels\train\current_arch_train_0057.txt,train,current_arch_train_0057,6
current_current_arch_train_0058,current,E:\Tech Challenge IADT - Fase 5 - Hackathon\dataset\hybrid_v2\images\train\current_arch_train_0058.jpg,E:\Tech Challenge IADT - Fase 5 - Hackathon\dataset\hybrid_v2\labels\train\current_arch_train_0058.txt,train,current_arch_train_0058,10
current_current_arch_train_0059,current,E:\Tech Challenge IADT - Fase 5 - Hackathon\dataset\hybrid_v2\images\train\current_arch_train_0059.jpg,E:\Tech Challenge IADT - Fase 5 - Hackathon\dataset\hybrid_v2\labels\train\current_arch_train_0059.txt,train,current_arch_train_0059,9
current_current_arch_train_0060,current,E:\Tech Challenge IADT - Fase 5 - Hackathon\dataset\hybrid_v2\images\train\current_arch_train_0060.jpg,E:\Tech Challenge IADT - Fase 5 - Hackathon\dataset\hybrid_v2\labels\train\current_arch_train_0060.txt,train,current_arch_train_0060,6
current_current_arch_train_0061,current,E:\Tech Challenge IADT - Fase 5 - Hackathon\dataset\hybrid_v2\images\train\current_arch_train_0061.jpg,E:\Tech Challenge IADT - Fase 5 - Hackathon\dataset\hybrid_v2\labels\train\current_arch_train_0061.txt,train,current_arch_train_0061,6
current_current_arch_train_0062,current,E:\Tech Challenge IADT - Fase 5 - Hackathon\dataset\hybrid_v2\images\train\current_arch_train_0062.jpg,E:\Tech Challenge IADT - Fase 5 - Hackathon\dataset\hybrid_v2\labels\train\current_arch_train_0062.txt,train,current_arch_train_0062,6
current_current_arch_train_0063,current,E:\Tech Challenge IADT - Fase 5 - Hackathon\dataset\hybrid_v2\images\train\current_arch_train_0063.jpg,E:\Tech Challenge IADT - Fase 5 - Hackathon\dataset\hybrid_v2\labels\train\current_arch_train_0063.txt,train,current_arch_train_0063,8
current_current_arch_train_0064,current,E:\Tech Challenge IADT - Fase 5 - Hackathon\dataset\hybrid_v2\images\train\current_arch_train_0064.jpg,E:\Tech Challenge IADT - Fase 5 - Hackathon\dataset\hybrid_v2\labels\train\current_arch_train_0064.txt,train,current_arch_train_0064,6
current_current_arch_train_0065,current,E:\Tech Challenge IADT - Fase 5 - Hackathon\dataset\hybrid_v2\images\train\current_arch_train_0065.jpg,E:\Tech Challenge IADT - Fase 5 - Hackathon\dataset\hybrid_v2\labels\train\current_arch_train_0065.txt,train,current_arch_train_0065,9
current_current_arch_train_0066,current,E:\Tech Challenge IADT - Fase 5 - Hackathon\dataset\hybrid_v2\images\train\current_arch_train_0066.jpg,E:\Tech Challenge IADT - Fase 5 - Hackathon\dataset\hybrid_v2\labels\train\current_arch_train_0066.txt,train,current_arch_train_0066,5
current_current_arch_train_0067,current,E:\Tech Challenge IADT - Fase 5 - Hackathon\dataset\hybrid_v2\images\train\current_arch_train_0067.jpg,E:\Tech Challenge IADT - Fase 5 - Hackathon\dataset\hybrid_v2\labels\train\current_arch_train_0067.txt,train,current_arch_train_0067,9
current_current_arch_train_0068,current,E:\Tech Challenge IADT - Fase 5 - Hackathon\dataset\hybrid_v2\images\train\current_arch_train_0068.jpg,E:\Tech Challenge IADT - Fase 5 - Hackathon\dataset\hybrid_v2\labels\train\current_arch_train_0068.txt,train,current_arch_train_0068,7
current_current_arch_train_0069,current,E:\Tech Challenge IADT - Fase 5 - Hackathon\dataset\hybrid_v2\images\train\current_arch_train_0069.jpg,E:\Tech Challenge IADT - Fase 5 - Hackathon\dataset\hybrid_v2\labels\train\current_arch_train_0069.txt,train,current_arch_train_0069,9
current_current_arch_train_0070,current,E:\Tech Challenge IADT - Fase 5 - Hackathon\dataset\hybrid_v2\images\train\current_arch_train_0070.jpg,E:\Tech Challenge IADT - Fase 5 - Hackathon\dataset\hybrid_v2\labels\train\current_arch_train_0070.txt,train,current_arch_train_0070,10
current_current_arch_train_0071,current,E:\Tech Challenge IADT - Fase 5 - Hackathon\dataset\hybrid_v2\images\train\current_arch_train_0071.jpg,E:\Tech Challenge IADT - Fase 5 - Hackathon\dataset\hybrid_v2\labels\train\current_arch_train_0071.txt,train,current_arch_train_0071,7
current_current_arch_train_0072,current,E:\Tech Challenge IADT - Fase 5 - Hackathon\dataset\hybrid_v2\images\train\current_arch_train_0072.jpg,E:\Tech Challenge IADT - Fase 5 - Hackathon\dataset\hybrid_v2\labels\train\current_arch_train_0072.txt,train,current_arch_train_0072,8
current_current_arch_train_0073,current,E:\Tech Challenge IADT - Fase 5 - Hackathon\dataset\hybrid_v2\images\train\current_arch_train_0073.jpg,E:\Tech Challenge IADT - Fase 5 - Hackathon\dataset\hybrid_v2\labels\train\current_arch_train_0073.txt,train,current_arch_train_0073,8
current_current_arch_train_0074,current,E:\Tech Challenge IADT - Fase 5 - Hackathon\dataset\hybrid_v2\images\train\current_arch_train_0074.jpg,E:\Tech Challenge IADT - Fase 5 - Hackathon\dataset\hybrid_v2\labels\train\current_arch_train_0074.txt,train,current_arch_train_0074,9
current_current_arch_train_0075,current,E:\Tech Challenge IADT - Fase 5 - Hackathon\dataset\hybrid_v2\images\train\current_arch_train_0075.jpg,E:\Tech Challenge IADT - Fase 5 - Hackathon\dataset\hybrid_v2\labels\train\current_arch_train_0075.txt,train,current_arch_train_0075,6
current_current_arch_train_0076,current,E:\Tech Challenge IADT - Fase 5 - Hackathon\dataset\hybrid_v2\images\train\current_arch_train_0076.jpg,E:\Tech Challenge IADT - Fase 5 - Hackathon\dataset\hybrid_v2\labels\train\current_arch_train_0076.txt,train,current_arch_train_0076,10
current_current_arch_train_0077,current,E:\Tech Challenge IADT - Fase 5 - Hackathon\dataset\hybrid_v2\images\train\current_arch_train_0077.jpg,E:\Tech Challenge IADT - Fase 5 - Hackathon\dataset\hybrid_v2\labels\train\current_arch_train_0077.txt,train,current_arch_train_0077,5
current_current_arch_train_0078,current,E:\Tech Challenge IADT - Fase 5 - Hackathon\dataset\hybrid_v2\images\train\current_arch_train_0078.jpg,E:\Tech Challenge IADT - Fase 5 - Hackathon\dataset\hybrid_v2\labels\train\current_arch_train_0078.txt,train,current_arch_train_0078,6
current_current_arch_train_0079,current,E:\Tech Challenge IADT - Fase 5 - Hackathon\dataset\hybrid_v2\images\train\current_arch_train_0079.jpg,E:\Tech Challenge IADT - Fase 5 - Hackathon\dataset\hybrid_v2\labels\train\current_arch_train_0079.txt,train,current_arch_train_0079,6
current_current_arch_train_0080,current,E:\Tech Challenge IADT - Fase 5 - Hackathon\dataset\hybrid_v2\images\train\current_arch_train_0080.jpg,E:\Tech Challenge IADT - Fase 5 - Hackathon\dataset\hybrid_v2\labels\train\current_arch_train_0080.txt,train,current_arch_train_0080,8
current_current_arch_train_0081,current,E:\Tech Challenge IADT - Fase 5 - Hackathon\dataset\hybrid_v2\images\train\current_arch_train_0081.jpg,E:\Tech Challenge IADT - Fase 5 - Hackathon\dataset\hybrid_v2\labels\train\current_arch_train_0081.txt,train,current_arch_train_0081,9
current_current_arch_train_0082,current,E:\Tech Challenge IADT - Fase 5 - Hackathon\dataset\hybrid_v2\images\train\current_arch_train_0082.jpg,E:\Tech Challenge IADT - Fase 5 - Hackathon\dataset\hybrid_v2\labels\train\current_arch_train_0082.txt,train,current_arch_train_0082,7
current_current_arch_train_0083,current,E:\Tech Challenge IADT - Fase 5 - Hackathon\dataset\hybrid_v2\images\train\current_arch_train_0083.jpg,E:\Tech Challenge IADT - Fase 5 - Hackathon\dataset\hybrid_v2\labels\train\current_arch_train_0083.txt,train,current_arch_train_0083,8
current_current_arch_train_0084,current,E:\Tech Challenge IADT - Fase 5 - Hackathon\dataset\hybrid_v2\images\train\current_arch_train_0084.jpg,E:\Tech Challenge IADT - Fase 5 - Hackathon\dataset\hybrid_v2\labels\train\current_arch_train_0084.txt,train,current_arch_train_0084,8
current_current_arch_train_0085,current,E:\Tech Challenge IADT - Fase 5 - Hackathon\dataset\hybrid_v2\images\train\current_arch_train_0085.jpg,E:\Tech Challenge IADT - Fase 5 - Hackathon\dataset\hybrid_v2\labels\train\current_arch_train_0085.txt,train,current_arch_train_0085,9
current_current_arch_train_0086,current,E:\Tech Challenge IADT - Fase 5 - Hackathon\dataset\hybrid_v2\images\train\current_arch_train_0086.jpg,E:\Tech Challenge IADT - Fase 5 - Hackathon\dataset\hybrid_v2\labels\train\current_arch_train_0086.txt,train,current_arch_train_0086,6
current_current_arch_train_0087,current,E:\Tech Challenge IADT - Fase 5 - Hackathon\dataset\hybrid_v2\images\train\current_arch_train_0087.jpg,E:\Tech Challenge IADT - Fase 5 - Hackathon\dataset\hybrid_v2\labels\train\current_arch_train_0087.txt,train,current_arch_train_0087,6
current_current_arch_train_0088,current,E:\Tech Challenge IADT - Fase 5 - Hackathon\dataset\hybrid_v2\images\train\current_arch_train_0088.jpg,E:\Tech Challenge IADT - Fase 5 - Hackathon\dataset\hybrid_v2\labels\train\current_arch_train_0088.txt,train,current_arch_train_0088,10
current_current_arch_train_0089,current,E:\Tech Challenge IADT - Fase 5 - Hackathon\dataset\hybrid_v2\images\train\current_arch_train_0089.jpg,E:\Tech Challenge IADT - Fase 5 - Hackathon\dataset\hybrid_v2\labels\train\current_arch_train_0089.txt,train,current_arch_train_0089,6
current_current_arch_train_0090,current,E:\Tech Challenge IADT - Fase 5 - Hackathon\dataset\hybrid_v2\images\train\current_arch_train_0090.jpg,E:\Tech Challenge IADT - Fase 5 - Hackathon\dataset\hybrid_v2\labels\train\current_arch_train_0090.txt,train,current_arch_train_0090,6
current_current_arch_train_0091,current,E:\Tech Challenge IADT - Fase 5 - Hackathon\dataset\hybrid_v2\images\train\current_arch_train_0091.jpg,E:\Tech Challenge IADT - Fase 5 - Hackathon\dataset\hybrid_v2\labels\train\current_arch_train_0091.txt,train,current_arch_train_0091,9
current_current_arch_train_0092,current,E:\Tech Challenge IADT - Fase 5 - Hackathon\dataset\hybrid_v2\images\train\current_arch_train_0092.jpg,E:\Tech Challenge IADT - Fase 5 - Hackathon\dataset\hybrid_v2\labels\train\current_arch_train_0092.txt,train,current_arch_train_0092,8
current_current_arch_train_0093,current,E:\Tech Challenge IADT - Fase 5 - Hackathon\dataset\hybrid_v2\images\train\current_arch_train_0093.jpg,E:\Tech Challenge IADT - Fase 5 - Hackathon\dataset\hybrid_v2\labels\train\current_arch_train_0093.txt,train,current_arch_train_0093,9
current_current_arch_train_0094,current,E:\Tech Challenge IADT - Fase 5 - Hackathon\dataset\hybrid_v2\images\train\current_arch_train_0094.jpg,E:\Tech Challenge IADT - Fase 5 - Hackathon\dataset\hybrid_v2\labels\train\current_arch_train_0094.txt,train,current_arch_train_0094,10
current_current_arch_train_0095,current,E:\Tech Challenge IADT - Fase 5 - Hackathon\dataset\hybrid_v2\images\train\current_arch_train_0095.jpg,E:\Tech Challenge IADT - Fase 5 - Hackathon\dataset\hybrid_v2\labels\train\current_arch_train_0095.txt,train,current_arch_train_0095,6
current_current_arch_train_0096,current,E:\Tech Challenge IADT - Fase 5 - Hackathon\dataset\hybrid_v2\images\train\current_arch_train_0096.jpg,E:\Tech Challenge IADT - Fase 5 - Hackathon\dataset\hybrid_v2\labels\train\current_arch_train_0096.txt,train,current_arch_train_0096,7
current_current_arch_train_0097,current,E:\Tech Challenge IADT - Fase 5 - Hackathon\dataset\hybrid_v2\images\train\current_arch_train_0097.jpg,E:\Tech Challenge IADT - Fase 5 - Hackathon\dataset\hybrid_v2\labels\train\current_arch_train_0097.txt,train,current_arch_train_0097,8
current_current_arch_train_0098,current,E:\Tech Challenge IADT - Fase 5 - Hackathon\dataset\hybrid_v2\images\train\current_arch_train_0098.jpg,E:\Tech Challenge IADT - Fase 5 - Hackathon\dataset\hybrid_v2\labels\train\current_arch_train_0098.txt,train,current_arch_train_0098,10
current_current_arch_train_0099,current,E:\Tech Challenge IADT - Fase 5 - Hackathon\dataset\hybrid_v2\images\train\current_arch_train_0099.jpg,E:\Tech Challenge IADT - Fase 5 - Hackathon\dataset\hybrid_v2\labels\train\current_arch_train_0099.txt,train,current_arch_train_0099,6
current_current_arch_train_0100,current,E:\Tech Challenge IADT - Fase 5 - Hackathon\dataset\hybrid_v2\images\train\current_arch_train_0100.jpg,E:\Tech Challenge IADT - Fase 5 - Hackathon\dataset\hybrid_v2\labels\train\current_arch_train_0100.txt,train,current_arch_train_0100,8
current_current_arch_train_0101,current,E:\Tech Challenge IADT - Fase 5 - Hackathon\dataset\hybrid_v2\images\train\current_arch_train_0101.jpg,E:\Tech Challenge IADT - Fase 5 - Hackathon\dataset\hybrid_v2\labels\train\current_arch_train_0101.txt,train,current_arch_train_0101,8
current_current_arch_train_0102,current,E:\Tech Challenge IADT - Fase 5 - Hackathon\dataset\hybrid_v2\images\train\current_arch_train_0102.jpg,E:\Tech Challenge IADT - Fase 5 - Hackathon\dataset\hybrid_v2\labels\train\current_arch_train_0102.txt,train,current_arch_train_0102,9
current_current_arch_train_0103,current,E:\Tech Challenge IADT - Fase 5 - Hackathon\dataset\hybrid_v2\images\train\current_arch_train_0103.jpg,E:\Tech Challenge IADT - Fase 5 - Hackathon\dataset\hybrid_v2\labels\train\current_arch_train_0103.txt,train,current_arch_train_0103,8
current_current_arch_train_0104,current,E:\Tech Challenge IADT - Fase 5 - Hackathon\dataset\hybrid_v2\images\train\current_arch_train_0104.jpg,E:\Tech Challenge IADT - Fase 5 - Hackathon\dataset\hybrid_v2\labels\train\current_arch_train_0104.txt,train,current_arch_train_0104,7
current_current_arch_train_0105,current,E:\Tech Challenge IADT - Fase 5 - Hackathon\dataset\hybrid_v2\images\train\current_arch_train_0105.jpg,E:\Tech Challenge IADT - Fase 5 - Hackathon\dataset\hybrid_v2\labels\train\current_arch_train_0105.txt,train,current_arch_train_0105,5
current_current_arch_train_0106,current,E:\Tech Challenge IADT - Fase 5 - Hackathon\dataset\hybrid_v2\images\train\current_arch_train_0106.jpg,E:\Tech Challenge IADT - Fase 5 - Hackathon\dataset\hybrid_v2\labels\train\current_arch_train_0106.txt,train,current_arch_train_0106,10
current_current_arch_train_0107,current,E:\Tech Challenge IADT - Fase 5 - Hackathon\dataset\hybrid_v2\images\train\current_arch_train_0107.jpg,E:\Tech Challenge IADT - Fase 5 - Hackathon\dataset\hybrid_v2\labels\train\current_arch_train_0107.txt,train,current_arch_train_0107,6
current_current_arch_train_0108,current,E:\Tech Challenge IADT - Fase 5 - Hackathon\dataset\hybrid_v2\images\train\current_arch_train_0108.jpg,E:\Tech Challenge IADT - Fase 5 - Hackathon\dataset\hybrid_v2\labels\train\current_arch_train_0108.txt,train,current_arch_train_0108,5
current_current_arch_train_0109,current,E:\Tech Challenge IADT - Fase 5 - Hackathon\dataset\hybrid_v2\images\train\current_arch_train_0109.jpg,E:\Tech Challenge IADT - Fase 5 - Hackathon\dataset\hybrid_v2\labels\train\current_arch_train_0109.txt,train,current_arch_train_0109,8
current_current_arch_train_0110,current,E:\Tech Challenge IADT - Fase 5 - Hackathon\dataset\hybrid_v2\images\train\current_arch_train_0110.jpg,E:\Tech Challenge IADT - Fase 5 - Hackathon\dataset\hybrid_v2\labels\train\current_arch_train_0110.txt,train,current_arch_train_0110,8
current_current_arch_train_0111,current,E:\Tech Challenge IADT - Fase 5 - Hackathon\dataset\hybrid_v2\images\train\current_arch_train_0111.jpg,E:\Tech Challenge IADT - Fase 5 - Hackathon\dataset\hybrid_v2\labels\train\current_arch_train_0111.txt,train,current_arch_train_0111,10
current_current_arch_train_0112,current,E:\Tech Challenge IADT - Fase 5 - Hackathon\dataset\hybrid_v2\images\train\current_arch_train_0112.jpg,E:\Tech Challenge IADT - Fase 5 - Hackathon\dataset\hybrid_v2\labels\train\current_arch_train_0112.txt,train,current_arch_train_0112,9
current_current_arch_train_0113,current,E:\Tech Challenge IADT - Fase 5 - Hackathon\dataset\hybrid_v2\images\train\current_arch_train_0113.jpg,E:\Tech Challenge IADT - Fase 5 - Hackathon\dataset\hybrid_v2\labels\train\current_arch_train_0113.txt,train,current_arch_train_0113,7
current_current_arch_train_0114,current,E:\Tech Challenge IADT - Fase 5 - Hackathon\dataset\hybrid_v2\images\train\current_arch_train_0114.jpg,E:\Tech Challenge IADT - Fase 5 - Hackathon\dataset\hybrid_v2\labels\train\current_arch_train_0114.txt,train,current_arch_train_0114,8
current_current_arch_train_0115,current,E:\Tech Challenge IADT - Fase 5 - Hackathon\dataset\hybrid_v2\images\train\current_arch_train_0115.jpg,E:\Tech Challenge IADT - Fase 5 - Hackathon\dataset\hybrid_v2\labels\train\current_arch_train_0115.txt,train,current_arch_train_0115,9
current_current_arch_train_0116,current,E:\Tech Challenge IADT - Fase 5 - Hackathon\dataset\hybrid_v2\images\train\current_arch_train_0116.jpg,E:\Tech Challenge IADT - Fase 5 - Hackathon\dataset\hybrid_v2\labels\train\current_arch_train_0116.txt,train,current_arch_train_0116,9
current_current_arch_train_0117,current,E:\Tech Challenge IADT - Fase 5 - Hackathon\dataset\hybrid_v2\images\train\current_arch_train_0117.jpg,E:\Tech Challenge IADT - Fase 5 - Hackathon\dataset\hybrid_v2\labels\train\current_arch_train_0117.txt,train,current_arch_train_0117,8
current_current_arch_train_0118,current,E:\Tech Challenge IADT - Fase 5 - Hackathon\dataset\hybrid_v2\images\train\current_arch_train_0118.jpg,E:\Tech Challenge IADT - Fase 5 - Hackathon\dataset\hybrid_v2\labels\train\current_arch_train_0118.txt,train,current_arch_train_0118,9
current_current_arch_train_0119,current,E:\Tech Challenge IADT - Fase 5 - Hackathon\dataset\hybrid_v2\images\train\current_arch_train_0119.jpg,E:\Tech Challenge IADT - Fase 5 - Hackathon\dataset\hybrid_v2\labels\train\current_arch_train_0119.txt,train,current_arch_train_0119,9
current_current_arch_train_0120,current,E:\Tech Challenge IADT - Fase 5 - Hackathon\dataset\hybrid_v2\images\train\current_arch_train_0120.jpg,E:\Tech Challenge IADT - Fase 5 - Hackathon\dataset\hybrid_v2\labels\train\current_arch_train_0120.txt,train,current_arch_train_0120,6
current_current_arch_train_0121,current,E:\Tech Challenge IADT - Fase 5 - Hackathon\dataset\hybrid_v2\images\train\current_arch_train_0121.jpg,E:\Tech Challenge IADT - Fase 5 - Hackathon\dataset\hybrid_v2\labels\train\current_arch_train_0121.txt,train,current_arch_train_0121,8
current_current_arch_train_0122,current,E:\Tech Challenge IADT - Fase 5 - Hackathon\dataset\hybrid_v2\images\train\current_arch_train_0122.jpg,E:\Tech Challenge IADT - Fase 5 - Hackathon\dataset\hybrid_v2\labels\train\current_arch_train_0122.txt,train,current_arch_train_0122,9
current_current_arch_train_0123,current,E:\Tech Challenge IADT - Fase 5 - Hackathon\dataset\hybrid_v2\images\train\current_arch_train_0123.jpg,E:\Tech Challenge IADT - Fase 5 - Hackathon\dataset\hybrid_v2\labels\train\current_arch_train_0123.txt,train,current_arch_train_0123,8
current_current_arch_train_0124,current,E:\Tech Challenge IADT - Fase 5 - Hackathon\dataset\hybrid_v2\images\train\current_arch_train_0124.jpg,E:\Tech Challenge IADT - Fase 5 - Hackathon\dataset\hybrid_v2\labels\train\current_arch_train_0124.txt,train,current_arch_train_0124,8
current_current_arch_train_0125,current,E:\Tech Challenge IADT - Fase 5 - Hackathon\dataset\hybrid_v2\images\train\current_arch_train_0125.jpg,E:\Tech Challenge IADT - Fase 5 - Hackathon\dataset\hybrid_v2\labels\train\current_arch_train_0125.txt,train,current_arch_train_0125,6
current_current_arch_train_0126,current,E:\Tech Challenge IADT - Fase 5 - Hackathon\dataset\hybrid_v2\images\train\current_arch_train_0126.jpg,E:\Tech Challenge IADT - Fase 5 - Hackathon\dataset\hybrid_v2\labels\train\current_arch_train_0126.txt,train,current_arch_train_0126,6
current_current_arch_train_0127,current,E:\Tech Challenge IADT - Fase 5 - Hackathon\dataset\hybrid_v2\images\train\current_arch_train_0127.jpg,E:\Tech Challenge IADT - Fase 5 - Hackathon\dataset\hybrid_v2\labels\train\current_arch_train_0127.txt,train,current_arch_train_0127,7
current_current_arch_train_0128,current,E:\Tech Challenge IADT - Fase 5 - Hackathon\dataset\hybrid_v2\images\train\current_arch_train_0128.jpg,E:\Tech Challenge IADT - Fase 5 - Hackathon\dataset\hybrid_v2\labels\train\current_arch_train_0128.txt,train,current_arch_train_0128,6
current_current_arch_train_0129,current,E:\Tech Challenge IADT - Fase 5 - Hackathon\dataset\hybrid_v2\images\train\current_arch_train_0129.jpg,E:\Tech Challenge IADT - Fase 5 - Hackathon\dataset\hybrid_v2\labels\train\current_arch_train_0129.txt,train,current_arch_train_0129,10
current_current_arch_train_0130,current,E:\Tech Challenge IADT - Fase 5 - Hackathon\dataset\hybrid_v2\images\train\current_arch_train_0130.jpg,E:\Tech Challenge IADT - Fase 5 - Hackathon\dataset\hybrid_v2\labels\train\current_arch_train_0130.txt,train,current_arch_train_0130,6
current_current_arch_train_0131,current,E:\Tech Challenge IADT - Fase 5 - Hackathon\dataset\hybrid_v2\images\train\current_arch_train_0131.jpg,E:\Tech Challenge IADT - Fase 5 - Hackathon\dataset\hybrid_v2\labels\train\current_arch_train_0131.txt,train,current_arch_train_0131,7
current_current_arch_train_0132,current,E:\Tech Challenge IADT - Fase 5 - Hackathon\dataset\hybrid_v2\images\train\current_arch_train_0132.jpg,E:\Tech Challenge IADT - Fase 5 - Hackathon\dataset\hybrid_v2\labels\train\current_arch_train_0132.txt,train,current_arch_train_0132,8
current_current_arch_train_0133,current,E:\Tech Challenge IADT - Fase 5 - Hackathon\dataset\hybrid_v2\images\train\current_arch_train_0133.jpg,E:\Tech Challenge IADT - Fase 5 - Hackathon\dataset\hybrid_v2\labels\train\current_arch_train_0133.txt,train,current_arch_train_0133,10
current_current_arch_train_0134,current,E:\Tech Challenge IADT - Fase 5 - Hackathon\dataset\hybrid_v2\images\train\current_arch_train_0134.jpg,E:\Tech Challenge IADT - Fase 5 - Hackathon\dataset\hybrid_v2\labels\train\current_arch_train_0134.txt,train,current_arch_train_0134,7
current_current_arch_train_0135,current,E:\Tech Challenge IADT - Fase 5 - Hackathon\dataset\hybrid_v2\images\train\current_arch_train_0135.jpg,E:\Tech Challenge IADT - Fase 5 - Hackathon\dataset\hybrid_v2\labels\train\current_arch_train_0135.txt,train,current_arch_train_0135,6
current_current_arch_train_0136,current,E:\Tech Challenge IADT - Fase 5 - Hackathon\dataset\hybrid_v2\images\train\current_arch_train_0136.jpg,E:\Tech Challenge IADT - Fase 5 - Hackathon\dataset\hybrid_v2\labels\train\current_arch_train_0136.txt,train,current_arch_train_0136,6
current_current_arch_train_0137,current,E:\Tech Challenge IADT - Fase 5 - Hackathon\dataset\hybrid_v2\images\train\current_arch_train_0137.jpg,E:\Tech Challenge IADT - Fase 5 - Hackathon\dataset\hybrid_v2\labels\train\current_arch_train_0137.txt,train,current_arch_train_0137,10
current_current_arch_train_0138,current,E:\Tech Challenge IADT - Fase 5 - Hackathon\dataset\hybrid_v2\images\train\current_arch_train_0138.jpg,E:\Tech Challenge IADT - Fase 5 - Hackathon\dataset\hybrid_v2\labels\train\current_arch_train_0138.txt,train,current_arch_train_0138,9
current_current_arch_train_0139,current,E:\Tech Challenge IADT - Fase 5 - Hackathon\dataset\hybrid_v2\images\train\current_arch_train_0139.jpg,E:\Tech Challenge IADT - Fase 5 - Hackathon\dataset\hybrid_v2\labels\train\current_arch_train_0139.txt,train,current_arch_train_0139,9
current_current_arch_train_0140,current,E:\Tech Challenge IADT - Fase 5 - Hackathon\dataset\hybrid_v2\images\train\current_arch_train_0140.jpg,E:\Tech Challenge IADT - Fase 5 - Hackathon\dataset\hybrid_v2\labels\train\current_arch_train_0140.txt,train,current_arch_train_0140,8
current_current_arch_train_0141,current,E:\Tech Challenge IADT - Fase 5 - Hackathon\dataset\hybrid_v2\images\train\current_arch_train_0141.jpg,E:\Tech Challenge IADT - Fase 5 - Hackathon\dataset\hybrid_v2\labels\train\current_arch_train_0141.txt,train,current_arch_train_0141,8
current_current_arch_train_0142,current,E:\Tech Challenge IADT - Fase 5 - Hackathon\dataset\hybrid_v2\images\train\current_arch_train_0142.jpg,E:\Tech Challenge IADT - Fase 5 - Hackathon\dataset\hybrid_v2\labels\train\current_arch_train_0142.txt,train,current_arch_train_0142,9
current_current_arch_train_0143,current,E:\Tech Challenge IADT - Fase 5 - Hackathon\dataset\hybrid_v2\images\train\current_arch_train_0143.jpg,E:\Tech Challenge IADT - Fase 5 - Hackathon\dataset\hybrid_v2\labels\train\current_arch_train_0143.txt,train,current_arch_train_0143,8
current_current_arch_train_0144,current,E:\Tech Challenge IADT - Fase 5 - Hackathon\dataset\hybrid_v2\images\train\current_arch_train_0144.jpg,E:\Tech Challenge IADT - Fase 5 - Hackathon\dataset\hybrid_v2\labels\train\current_arch_train_0144.txt,train,current_arch_train_0144,8
current_current_arch_train_0145,current,E:\Tech Challenge IADT - Fase 5 - Hackathon\dataset\hybrid_v2\images\train\current_arch_train_0145.jpg,E:\Tech Challenge IADT - Fase 5 - Hackathon\dataset\hybrid_v2\labels\train\current_arch_train_0145.txt,train,current_arch_train_0145,6
current_current_arch_train_0146,current,E:\Tech Challenge IADT - Fase 5 - Hackathon\dataset\hybrid_v2\images\train\current_arch_train_0146.jpg,E:\Tech Challenge IADT - Fase 5 - Hackathon\dataset\hybrid_v2\labels\train\current_arch_train_0146.txt,train,current_arch_train_0146,8
current_current_arch_train_0147,current,E:\Tech Challenge IADT - Fase 5 - Hackathon\dataset\hybrid_v2\images\train\current_arch_train_0147.jpg,E:\Tech Challenge IADT - Fase 5 - Hackathon\dataset\hybrid_v2\labels\train\current_arch_train_0147.txt,train,current_arch_train_0147,9
current_current_arch_train_0148,current,E:\Tech Challenge IADT - Fase 5 - Hackathon\dataset\hybrid_v2\images\train\current_arch_train_0148.jpg,E:\Tech Challenge IADT - Fase 5 - Hackathon\dataset\hybrid_v2\labels\train\current_arch_train_0148.txt,train,current_arch_train_0148,7
current_current_arch_train_0149,current,E:\Tech Challenge IADT - Fase 5 - Hackathon\dataset\hybrid_v2\images\train\current_arch_train_0149.jpg,E:\Tech Challenge IADT - Fase 5 - Hackathon\dataset\hybrid_v2\labels\train\current_arch_train_0149.txt,train,current_arch_train_0149,7
current_current_arch_train_0150,current,E:\Tech Challenge IADT - Fase 5 - Hackathon\dataset\hybrid_v2\images\train\current_arch_train_0150.jpg,E:\Tech Challenge IADT - Fase 5 - Hackathon\dataset\hybrid_v2\labels\train\current_arch_train_0150.txt,train,current_arch_train_0150,8
current_current_arch_train_0151,current,E:\Tech Challenge IADT - Fase 5 - Hackathon\dataset\hybrid_v2\images\train\current_arch_train_0151.jpg,E:\Tech Challenge IADT - Fase 5 - Hackathon\dataset\hybrid_v2\labels\train\current_arch_train_0151.txt,train,current_arch_train_0151,5
current_current_arch_train_0152,current,E:\Tech Challenge IADT - Fase 5 - Hackathon\dataset\hybrid_v2\images\train\current_arch_train_0152.jpg,E:\Tech Challenge IADT - Fase 5 - Hackathon\dataset\hybrid_v2\labels\train\current_arch_train_0152.txt,train,current_arch_train_0152,9
current_current_arch_train_0153,current,E:\Tech Challenge IADT - Fase 5 - Hackathon\dataset\hybrid_v2\images\train\current_arch_train_0153.jpg,E:\Tech Challenge IADT - Fase 5 - Hackathon\dataset\hybrid_v2\labels\train\current_arch_train_0153.txt,train,current_arch_train_0153,7
current_current_arch_train_0154,current,E:\Tech Challenge IADT - Fase 5 - Hackathon\dataset\hybrid_v2\images\train\current_arch_train_0154.jpg,E:\Tech Challenge IADT - Fase 5 - Hackathon\dataset\hybrid_v2\labels\train\current_arch_train_0154.txt,train,current_arch_train_0154,6
current_current_arch_train_0155,current,E:\Tech Challenge IADT - Fase 5 - Hackathon\dataset\hybrid_v2\images\train\current_arch_train_0155.jpg,E:\Tech Challenge IADT - Fase 5 - Hackathon\dataset\hybrid_v2\labels\train\current_arch_train_0155.txt,train,current_arch_train_0155,9
current_current_arch_train_0156,current,E:\Tech Challenge IADT - Fase 5 - Hackathon\dataset\hybrid_v2\images\train\current_arch_train_0156.jpg,E:\Tech Challenge IADT - Fase 5 - Hackathon\dataset\hybrid_v2\labels\train\current_arch_train_0156.txt,train,current_arch_train_0156,9
current_current_arch_train_0157,current,E:\Tech Challenge IADT - Fase 5 - Hackathon\dataset\hybrid_v2\images\train\current_arch_train_0157.jpg,E:\Tech Challenge IADT - Fase 5 - Hackathon\dataset\hybrid_v2\labels\train\current_arch_train_0157.txt,train,current_arch_train_0157,9
current_current_arch_train_0158,current,E:\Tech Challenge IADT - Fase 5 - Hackathon\dataset\hybrid_v2\images\train\current_arch_train_0158.jpg,E:\Tech Challenge IADT - Fase 5 - Hackathon\dataset\hybrid_v2\labels\train\current_arch_train_0158.txt,train,current_arch_train_0158,6
current_current_arch_train_0159,current,E:\Tech Challenge IADT - Fase 5 - Hackathon\dataset\hybrid_v2\images\train\current_arch_train_0159.jpg,E:\Tech Challenge IADT - Fase 5 - Hackathon\dataset\hybrid_v2\labels\train\current_arch_train_0159.txt,train,current_arch_train_0159,8
current_current_arch_train_0160,current,E:\Tech Challenge IADT - Fase 5 - Hackathon\dataset\hybrid_v2\images\train\current_arch_train_0160.jpg,E:\Tech Challenge IADT - Fase 5 - Hackathon\dataset\hybrid_v2\labels\train\current_arch_train_0160.txt,train,current_arch_train_0160,9
current_current_arch_train_0161,current,E:\Tech Challenge IADT - Fase 5 - Hackathon\dataset\hybrid_v2\images\train\current_arch_train_0161.jpg,E:\Tech Challenge IADT - Fase 5 - Hackathon\dataset\hybrid_v2\labels\train\current_arch_train_0161.txt,train,current_arch_train_0161,6
current_current_arch_train_0162,current,E:\Tech Challenge IADT - Fase 5 - Hackathon\dataset\hybrid_v2\images\train\current_arch_train_0162.jpg,E:\Tech Challenge IADT - Fase 5 - Hackathon\dataset\hybrid_v2\labels\train\current_arch_train_0162.txt,train,current_arch_train_0162,8
current_current_arch_train_0163,current,E:\Tech Challenge IADT - Fase 5 - Hackathon\dataset\hybrid_v2\images\train\current_arch_train_0163.jpg,E:\Tech Challenge IADT - Fase 5 - Hackathon\dataset\hybrid_v2\labels\train\current_arch_train_0163.txt,train,current_arch_train_0163,6
current_current_arch_train_0164,current,E:\Tech Challenge IADT - Fase 5 - Hackathon\dataset\hybrid_v2\images\train\current_arch_train_0164.jpg,E:\Tech Challenge IADT - Fase 5 - Hackathon\dataset\hybrid_v2\labels\train\current_arch_train_0164.txt,train,current_arch_train_0164,6
current_current_arch_train_0165,current,E:\Tech Challenge IADT - Fase 5 - Hackathon\dataset\hybrid_v2\images\train\current_arch_train_0165.jpg,E:\Tech Challenge IADT - Fase 5 - Hackathon\dataset\hybrid_v2\labels\train\current_arch_train_0165.txt,train,current_arch_train_0165,9
current_current_arch_train_0166,current,E:\Tech Challenge IADT - Fase 5 - Hackathon\dataset\hybrid_v2\images\train\current_arch_train_0166.jpg,E:\Tech Challenge IADT - Fase 5 - Hackathon\dataset\hybrid_v2\labels\train\current_arch_train_0166.txt,train,current_arch_train_0166,7
current_current_arch_train_0167,current,E:\Tech Challenge IADT - Fase 5 - Hackathon\dataset\hybrid_v2\images\train\current_arch_train_0167.jpg,E:\Tech Challenge IADT - Fase 5 - Hackathon\dataset\hybrid_v2\labels\train\current_arch_train_0167.txt,train,current_arch_train_0167,8
current_current_arch_train_0168,current,E:\Tech Challenge IADT - Fase 5 - Hackathon\dataset\hybrid_v2\images\train\current_arch_train_0168.jpg,E:\Tech Challenge IADT - Fase 5 - Hackathon\dataset\hybrid_v2\labels\train\current_arch_train_0168.txt,train,current_arch_train_0168,9
current_current_arch_train_0169,current,E:\Tech Challenge IADT - Fase 5 - Hackathon\dataset\hybrid_v2\images\train\current_arch_train_0169.jpg,E:\Tech Challenge IADT - Fase 5 - Hackathon\dataset\hybrid_v2\labels\train\current_arch_train_0169.txt,train,current_arch_train_0169,6
current_current_arch_train_0170,current,E:\Tech Challenge IADT - Fase 5 - Hackathon\dataset\hybrid_v2\images\train\current_arch_train_0170.jpg,E:\Tech Challenge IADT - Fase 5 - Hackathon\dataset\hybrid_v2\labels\train\current_arch_train_0170.txt,train,current_arch_train_0170,7
current_current_arch_train_0171,current,E:\Tech Challenge IADT - Fase 5 - Hackathon\dataset\hybrid_v2\images\train\current_arch_train_0171.jpg,E:\Tech Challenge IADT - Fase 5 - Hackathon\dataset\hybrid_v2\labels\train\current_arch_train_0171.txt,train,current_arch_train_0171,10
current_current_arch_train_0172,current,E:\Tech Challenge IADT - Fase 5 - Hackathon\dataset\hybrid_v2\images\train\current_arch_train_0172.jpg,E:\Tech Challenge IADT - Fase 5 - Hackathon\dataset\hybrid_v2\labels\train\current_arch_train_0172.txt,train,current_arch_train_0172,5
current_current_arch_train_0173,current,E:\Tech Challenge IADT - Fase 5 - Hackathon\dataset\hybrid_v2\images\train\current_arch_train_0173.jpg,E:\Tech Challenge IADT - Fase 5 - Hackathon\dataset\hybrid_v2\labels\train\current_arch_train_0173.txt,train,current_arch_train_0173,10
current_current_arch_train_0174,current,E:\Tech Challenge IADT - Fase 5 - Hackathon\dataset\hybrid_v2\images\train\current_arch_train_0174.jpg,E:\Tech Challenge IADT - Fase 5 - Hackathon\dataset\hybrid_v2\labels\train\current_arch_train_0174.txt,train,current_arch_train_0174,6
current_current_arch_train_0175,current,E:\Tech Challenge IADT - Fase 5 - Hackathon\dataset\hybrid_v2\images\train\current_arch_train_0175.jpg,E:\Tech Challenge IADT - Fase 5 - Hackathon\dataset\hybrid_v2\labels\train\current_arch_train_0175.txt,train,current_arch_train_0175,5
current_current_arch_train_0176,current,E:\Tech Challenge IADT - Fase 5 - Hackathon\dataset\hybrid_v2\images\train\current_arch_train_0176.jpg,E:\Tech Challenge IADT - Fase 5 - Hackathon\dataset\hybrid_v2\labels\train\current_arch_train_0176.txt,train,current_arch_train_0176,7
current_current_arch_train_0177,current,E:\Tech Challenge IADT - Fase 5 - Hackathon\dataset\hybrid_v2\images\train\current_arch_train_0177.jpg,E:\Tech Challenge IADT - Fase 5 - Hackathon\dataset\hybrid_v2\labels\train\current_arch_train_0177.txt,train,current_arch_train_0177,9
current_current_arch_train_0178,current,E:\Tech Challenge IADT - Fase 5 - Hackathon\dataset\hybrid_v2\images\train\current_arch_train_0178.jpg,E:\Tech Challenge IADT - Fase 5 - Hackathon\dataset\hybrid_v2\labels\train\current_arch_train_0178.txt,train,current_arch_train_0178,6
current_current_arch_train_0179,current,E:\Tech Challenge IADT - Fase 5 - Hackathon\dataset\hybrid_v2\images\train\current_arch_train_0179.jpg,E:\Tech Challenge IADT - Fase 5 - Hackathon\dataset\hybrid_v2\labels\train\current_arch_train_0179.txt,train,current_arch_train_0179,7
current_current_arch_train_0180,current,E:\Tech Challenge IADT - Fase 5 - Hackathon\dataset\hybrid_v2\images\train\current_arch_train_0180.jpg,E:\Tech Challenge IADT - Fase 5 - Hackathon\dataset\hybrid_v2\labels\train\current_arch_train_0180.txt,train,current_arch_train_0180,8
current_current_arch_train_0181,current,E:\Tech Challenge IADT - Fase 5 - Hackathon\dataset\hybrid_v2\images\train\current_arch_train_0181.jpg,E:\Tech Challenge IADT - Fase 5 - Hackathon\dataset\hybrid_v2\labels\train\current_arch_train_0181.txt,train,current_arch_train_0181,8
current_current_arch_train_0182,current,E:\Tech Challenge IADT - Fase 5 - Hackathon\dataset\hybrid_v2\images\train\current_arch_train_0182.jpg,E:\Tech Challenge IADT - Fase 5 - Hackathon\dataset\hybrid_v2\labels\train\current_arch_train_0182.txt,train,current_arch_train_0182,8
current_current_arch_train_0183,current,E:\Tech Challenge IADT - Fase 5 - Hackathon\dataset\hybrid_v2\images\train\current_arch_train_0183.jpg,E:\Tech Challenge IADT - Fase 5 - Hackathon\dataset\hybrid_v2\labels\train\current_arch_train_0183.txt,train,current_arch_train_0183,9
current_current_arch_train_0184,current,E:\Tech Challenge IADT - Fase 5 - Hackathon\dataset\hybrid_v2\images\train\current_arch_train_0184.jpg,E:\Tech Challenge IADT - Fase 5 - Hackathon\dataset\hybrid_v2\labels\train\current_arch_train_0184.txt,train,current_arch_train_0184,8
current_current_arch_train_0185,current,E:\Tech Challenge IADT - Fase 5 - Hackathon\dataset\hybrid_v2\images\train\current_arch_train_0185.jpg,E:\Tech Challenge IADT - Fase 5 - Hackathon\dataset\hybrid_v2\labels\train\current_arch_train_0185.txt,train,current_arch_train_0185,9
current_current_arch_train_0186,current,E:\Tech Challenge IADT - Fase 5 - Hackathon\dataset\hybrid_v2\images\train\current_arch_train_0186.jpg,E:\Tech Challenge IADT - Fase 5 - Hackathon\dataset\hybrid_v2\labels\train\current_arch_train_0186.txt,train,current_arch_train_0186,8
current_current_arch_train_0187,current,E:\Tech Challenge IADT - Fase 5 - Hackathon\dataset\hybrid_v2\images\train\current_arch_train_0187.jpg,E:\Tech Challenge IADT - Fase 5 - Hackathon\dataset\hybrid_v2\labels\train\current_arch_train_0187.txt,train,current_arch_train_0187,9
current_current_arch_train_0188,current,E:\Tech Challenge IADT - Fase 5 - Hackathon\dataset\hybrid_v2\images\train\current_arch_train_0188.jpg,E:\Tech Challenge IADT - Fase 5 - Hackathon\dataset\hybrid_v2\labels\train\current_arch_train_0188.txt,train,current_arch_train_0188,5
current_current_arch_train_0189,current,E:\Tech Challenge IADT - Fase 5 - Hackathon\dataset\hybrid_v2\images\train\current_arch_train_0189.jpg,E:\Tech Challenge IADT - Fase 5 - Hackathon\dataset\hybrid_v2\labels\train\current_arch_train_0189.txt,train,current_arch_train_0189,7
current_current_arch_train_0190,current,E:\Tech Challenge IADT - Fase 5 - Hackathon\dataset\hybrid_v2\images\train\current_arch_train_0190.jpg,E:\Tech Challenge IADT - Fase 5 - Hackathon\dataset\hybrid_v2\labels\train\current_arch_train_0190.txt,train,current_arch_train_0190,5
current_current_arch_train_0191,current,E:\Tech Challenge IADT - Fase 5 - Hackathon\dataset\hybrid_v2\images\train\current_arch_train_0191.jpg,E:\Tech Challenge IADT - Fase 5 - Hackathon\dataset\hybrid_v2\labels\train\current_arch_train_0191.txt,train,current_arch_train_0191,8
current_current_arch_train_0192,current,E:\Tech Challenge IADT - Fase 5 - Hackathon\dataset\hybrid_v2\images\train\current_arch_train_0192.jpg,E:\Tech Challenge IADT - Fase 5 - Hackathon\dataset\hybrid_v2\labels\train\current_arch_train_0192.txt,train,current_arch_train_0192,7
current_current_arch_train_0193,current,E:\Tech Challenge IADT - Fase 5 - Hackathon\dataset\hybrid_v2\images\train\current_arch_train_0193.jpg,E:\Tech Challenge IADT - Fase 5 - Hackathon\dataset\hybrid_v2\labels\train\current_arch_train_0193.txt,train,current_arch_train_0193,8
current_current_arch_train_0194,current,E:\Tech Challenge IADT - Fase 5 - Hackathon\dataset\hybrid_v2\images\train\current_arch_train_0194.jpg,E:\Tech Challenge IADT - Fase 5 - Hackathon\dataset\hybrid_v2\labels\train\current_arch_train_0194.txt,train,current_arch_train_0194,8
current_current_arch_train_0195,current,E:\Tech Challenge IADT - Fase 5 - Hackathon\dataset\hybrid_v2\images\train\current_arch_train_0195.jpg,E:\Tech Challenge IADT - Fase 5 - Hackathon\dataset\hybrid_v2\labels\train\current_arch_train_0195.txt,train,current_arch_train_0195,6
current_current_arch_train_0196,current,E:\Tech Challenge IADT - Fase 5 - Hackathon\dataset\hybrid_v2\images\train\current_arch_train_0196.jpg,E:\Tech Challenge IADT - Fase 5 - Hackathon\dataset\hybrid_v2\labels\train\current_arch_train_0196.txt,train,current_arch_train_0196,9
current_current_arch_train_0197,current,E:\Tech Challenge IADT - Fase 5 - Hackathon\dataset\hybrid_v2\images\train\current_arch_train_0197.jpg,E:\Tech Challenge IADT - Fase 5 - Hackathon\dataset\hybrid_v2\labels\train\current_arch_train_0197.txt,train,current_arch_train_0197,8
current_current_arch_train_0198,current,E:\Tech Challenge IADT - Fase 5 - Hackathon\dataset\hybrid_v2\images\train\current_arch_train_0198.jpg,E:\Tech Challenge IADT - Fase 5 - Hackathon\dataset\hybrid_v2\labels\train\current_arch_train_0198.txt,train,current_arch_train_0198,6
current_current_arch_train_0199,current,E:\Tech Challenge IADT - Fase 5 - Hackathon\dataset\hybrid_v2\images\train\current_arch_train_0199.jpg,E:\Tech Challenge IADT - Fase 5 - Hackathon\dataset\hybrid_v2\labels\train\current_arch_train_0199.txt,train,current_arch_train_0199,7
current_current_arch_train_0200,current,E:\Tech Challenge IADT - Fase 5 - Hackathon\dataset\hybrid_v2\images\train\current_arch_train_0200.jpg,E:\Tech Challenge IADT - Fase 5 - Hackathon\dataset\hybrid_v2\labels\train\current_arch_train_0200.txt,train,current_arch_train_0200,9
current_current_arch_train_0201,current,E:\Tech Challenge IADT - Fase 5 - Hackathon\dataset\hybrid_v2\images\train\current_arch_train_0201.jpg,E:\Tech Challenge IADT - Fase 5 - Hackathon\dataset\hybrid_v2\labels\train\current_arch_train_0201.txt,train,current_arch_train_0201,8
current_current_arch_train_0202,current,E:\Tech Challenge IADT - Fase 5 - Hackathon\dataset\hybrid_v2\images\train\current_arch_train_0202.jpg,E:\Tech Challenge IADT - Fase 5 - Hackathon\dataset\hybrid_v2\labels\train\current_arch_train_0202.txt,train,current_arch_train_0202,9
current_current_arch_train_0203,current,E:\Tech Challenge IADT - Fase 5 - Hackathon\dataset\hybrid_v2\images\train\current_arch_train_0203.jpg,E:\Tech Challenge IADT - Fase 5 - Hackathon\dataset\hybrid_v2\labels\train\current_arch_train_0203.txt,train,current_arch_train_0203,6
current_current_arch_train_0204,current,E:\Tech Challenge IADT - Fase 5 - Hackathon\dataset\hybrid_v2\images\train\current_arch_train_0204.jpg,E:\Tech Challenge IADT - Fase 5 - Hackathon\dataset\hybrid_v2\labels\train\current_arch_train_0204.txt,train,current_arch_train_0204,8
current_current_arch_train_0205,current,E:\Tech Challenge IADT - Fase 5 - Hackathon\dataset\hybrid_v2\images\train\current_arch_train_0205.jpg,E:\Tech Challenge IADT - Fase 5 - Hackathon\dataset\hybrid_v2\labels\train\current_arch_train_0205.txt,train,current_arch_train_0205,8
current_current_arch_train_0206,current,E:\Tech Challenge IADT - Fase 5 - Hackathon\dataset\hybrid_v2\images\train\current_arch_train_0206.jpg,E:\Tech Challenge IADT - Fase 5 - Hackathon\dataset\hybrid_v2\labels\train\current_arch_train_0206.txt,train,current_arch_train_0206,6
current_current_arch_train_0207,current,E:\Tech Challenge IADT - Fase 5 - Hackathon\dataset\hybrid_v2\images\train\current_arch_train_0207.jpg,E:\Tech Challenge IADT - Fase 5 - Hackathon\dataset\hybrid_v2\labels\train\current_arch_train_0207.txt,train,current_arch_train_0207,9
current_current_arch_train_0208,current,E:\Tech Challenge IADT - Fase 5 - Hackathon\dataset\hybrid_v2\images\train\current_arch_train_0208.jpg,E:\Tech Challenge IADT - Fase 5 - Hackathon\dataset\hybrid_v2\labels\train\current_arch_train_0208.txt,train,current_arch_train_0208,7
current_current_arch_train_0209,current,E:\Tech Challenge IADT - Fase 5 - Hackathon\dataset\hybrid_v2\images\train\current_arch_train_0209.jpg,E:\Tech Challenge IADT - Fase 5 - Hackathon\dataset\hybrid_v2\labels\train\current_arch_train_0209.txt,train,current_arch_train_0209,9
current_kaggle_unique_kaggle_aws_amazon_api_gateway_0009_aug_8,current,E:\Tech Challenge IADT - Fase 5 - Hackathon\dataset\hybrid_v2\images\train\kaggle_unique_kaggle_aws_amazon_api_gateway_0009_aug_8.png,E:\Tech Challenge IADT - Fase 5 - Hackathon\dataset\hybrid_v2\labels\train\kaggle_unique_kaggle_aws_amazon_api_gateway_0009_aug_8.txt,train,kaggle_unique_kaggle_aws_amazon_api_gateway_0009,8
current_kaggle_unique_kaggle_aws_amazon_cloudfront_0006_aug_1,current,E:\Tech Challenge IADT - Fase 5 - Hackathon\dataset\hybrid_v2\images\train\kaggle_unique_kaggle_aws_amazon_cloudfront_0006_aug_1.png,E:\Tech Challenge IADT - Fase 5 - Hackathon\dataset\hybrid_v2\labels\train\kaggle_unique_kaggle_aws_amazon_cloudfront_0006_aug_1.txt,train,kaggle_unique_kaggle_aws_amazon_cloudfront_0006,15
current_kaggle_unique_kaggle_aws_amazon_cloudwatch_0002_aug_1,current,E:\Tech Challenge IADT - Fase 5 - Hackathon\dataset\hybrid_v2\images\train\kaggle_unique_kaggle_aws_amazon_cloudwatch_0002_aug_1.png,E:\Tech Challenge IADT - Fase 5 - Hackathon\dataset\hybrid_v2\labels\train\kaggle_unique_kaggle_aws_amazon_cloudwatch_0002_aug_1.txt,train,kaggle_unique_kaggle_aws_amazon_cloudwatch_0002,13
current_kaggle_unique_kaggle_aws_amazon_dynamodb_0009_aug_4,current,E:\Tech Challenge IADT - Fase 5 - Hackathon\dataset\hybrid_v2\images\train\kaggle_unique_kaggle_aws_amazon_dynamodb_0009_aug_4.png,E:\Tech Challenge IADT - Fase 5 - Hackathon\dataset\hybrid_v2\labels\train\kaggle_unique_kaggle_aws_amazon_dynamodb_0009_aug_4.txt,train,kaggle_unique_kaggle_aws_amazon_dynamodb_0009,13
current_kaggle_unique_kaggle_aws_amazon_ec2_0002_aug_9,current,E:\Tech Challenge IADT - Fase 5 - Hackathon\dataset\hybrid_v2\images\train\kaggle_unique_kaggle_aws_amazon_ec2_0002_aug_9.png,E:\Tech Challenge IADT - Fase 5 - Hackathon\dataset\hybrid_v2\labels\train\kaggle_unique_kaggle_aws_amazon_ec2_0002_aug_9.txt,train,kaggle_unique_kaggle_aws_amazon_ec2_0002,10
current_kaggle_unique_kaggle_aws_amazon_ec2_auto_scaling_0003_aug_1,current,E:\Tech Challenge IADT - Fase 5 - Hackathon\dataset\hybrid_v2\images\train\kaggle_unique_kaggle_aws_amazon_ec2_auto_scaling_0003_aug_1.png,E:\Tech Challenge IADT - Fase 5 - Hackathon\dataset\hybrid_v2\labels\train\kaggle_unique_kaggle_aws_amazon_ec2_auto_scaling_0003_aug_1.txt,train,kaggle_unique_kaggle_aws_amazon_ec2_auto_scaling_0003,15
current_kaggle_unique_kaggle_aws_amazon_elastic_block_store_0008_aug_3,current,E:\Tech Challenge IADT - Fase 5 - Hackathon\dataset\hybrid_v2\images\train\kaggle_unique_kaggle_aws_amazon_elastic_block_store_0008_aug_3.png,E:\Tech Challenge IADT - Fase 5 - Hackathon\dataset\hybrid_v2\labels\train\kaggle_unique_kaggle_aws_amazon_elastic_block_store_0008_aug_3.txt,train,kaggle_unique_kaggle_aws_amazon_elastic_block_store_0008,13
current_kaggle_unique_kaggle_aws_amazon_elastic_kubernetes_service_0005_aug_8,current,E:\Tech Challenge IADT - Fase 5 - Hackathon\dataset\hybrid_v2\images\train\kaggle_unique_kaggle_aws_amazon_elastic_kubernetes_service_0005_aug_8.png,E:\Tech Challenge IADT - Fase 5 - Hackathon\dataset\hybrid_v2\labels\train\kaggle_unique_kaggle_aws_amazon_elastic_kubernetes_service_0005_aug_8.txt,train,kaggle_unique_kaggle_aws_amazon_elastic_kubernetes_service_0005,10
current_kaggle_unique_kaggle_aws_amazon_elasticache_0005_aug_0,current,E:\Tech Challenge IADT - Fase 5 - Hackathon\dataset\hybrid_v2\images\train\kaggle_unique_kaggle_aws_amazon_elasticache_0005_aug_0.png,E:\Tech Challenge IADT - Fase 5 - Hackathon\dataset\hybrid_v2\labels\train\kaggle_unique_kaggle_aws_amazon_elasticache_0005_aug_0.txt,train,kaggle_unique_kaggle_aws_amazon_elasticache_0005,7
current_kaggle_unique_kaggle_aws_amazon_rds_0005_aug_0,current,E:\Tech Challenge IADT - Fase 5 - Hackathon\dataset\hybrid_v2\images\train\kaggle_unique_kaggle_aws_amazon_rds_0005_aug_0.png,E:\Tech Challenge IADT - Fase 5 - Hackathon\dataset\hybrid_v2\labels\train\kaggle_unique_kaggle_aws_amazon_rds_0005_aug_0.txt,train,kaggle_unique_kaggle_aws_amazon_rds_0005,12
current_kaggle_unique_kaggle_aws_amazon_redshift_0006_aug_8,current,E:\Tech Challenge IADT - Fase 5 - Hackathon\dataset\hybrid_v2\images\train\kaggle_unique_kaggle_aws_amazon_redshift_0006_aug_8.png,E:\Tech Challenge IADT - Fase 5 - Hackathon\dataset\hybrid_v2\labels\train\kaggle_unique_kaggle_aws_amazon_redshift_0006_aug_8.txt,train,kaggle_unique_kaggle_aws_amazon_redshift_0006,8
current_kaggle_unique_kaggle_aws_amazon_simple_queue_service_0005_aug_5,current,E:\Tech Challenge IADT - Fase 5 - Hackathon\dataset\hybrid_v2\images\train\kaggle_unique_kaggle_aws_amazon_simple_queue_service_0005_aug_5.png,E:\Tech Challenge IADT - Fase 5 - Hackathon\dataset\hybrid_v2\labels\train\kaggle_unique_kaggle_aws_amazon_simple_queue_service_0005_aug_5.txt,train,kaggle_unique_kaggle_aws_amazon_simple_queue_service_0005,13
current_kaggle_unique_kaggle_aws_amazon_simple_storage_service_0002_aug_5,current,E:\Tech Challenge IADT - Fase 5 - Hackathon\dataset\hybrid_v2\images\train\kaggle_unique_kaggle_aws_amazon_simple_storage_service_0002_aug_5.png,E:\Tech Challenge IADT - Fase 5 - Hackathon\dataset\hybrid_v2\labels\train\kaggle_unique_kaggle_aws_amazon_simple_storage_service_0002_aug_5.txt,train,kaggle_unique_kaggle_aws_amazon_simple_storage_service_0002,8
current_kaggle_unique_kaggle_aws_aurora_amazon_rds_instance_0001_aug_4,current,E:\Tech Challenge IADT - Fase 5 - Hackathon\dataset\hybrid_v2\images\train\kaggle_unique_kaggle_aws_aurora_amazon_rds_instance_0001_aug_4.png,E:\Tech Challenge IADT - Fase 5 - Hackathon\dataset\hybrid_v2\labels\train\kaggle_unique_kaggle_aws_aurora_amazon_rds_instance_0001_aug_4.txt,train,kaggle_unique_kaggle_aws_aurora_amazon_rds_instance_0001,7
current_kaggle_unique_kaggle_aws_dynamodb_table_0004_aug_3,current,E:\Tech Challenge IADT - Fase 5 - Hackathon\dataset\hybrid_v2\images\train\kaggle_unique_kaggle_aws_dynamodb_table_0004_aug_3.png,E:\Tech Challenge IADT - Fase 5 - Hackathon\dataset\hybrid_v2\labels\train\kaggle_unique_kaggle_aws_dynamodb_table_0004_aug_3.txt,train,kaggle_unique_kaggle_aws_dynamodb_table_0004,15
current_kaggle_unique_kaggle_aws_ec2_instance_0002_aug_1,current,E:\Tech Challenge IADT - Fase 5 - Hackathon\dataset\hybrid_v2\images\train\kaggle_unique_kaggle_aws_ec2_instance_0002_aug_1.png,E:\Tech Challenge IADT - Fase 5 - Hackathon\dataset\hybrid_v2\labels\train\kaggle_unique_kaggle_aws_ec2_instance_0002_aug_1.txt,train,kaggle_unique_kaggle_aws_ec2_instance_0002,8
current_kaggle_unique_kaggle_aws_ec2_instances_0007_aug_6,current,E:\Tech Challenge IADT - Fase 5 - Hackathon\dataset\hybrid_v2\images\train\kaggle_unique_kaggle_aws_ec2_instances_0007_aug_6.png,E:\Tech Challenge IADT - Fase 5 - Hackathon\dataset\hybrid_v2\labels\train\kaggle_unique_kaggle_aws_ec2_instances_0007_aug_6.txt,train,kaggle_unique_kaggle_aws_ec2_instances_0007,8
current_kaggle_unique_kaggle_aws_elastic_block_store_volume_0002_aug_8,current,E:\Tech Challenge IADT - Fase 5 - Hackathon\dataset\hybrid_v2\images\train\kaggle_unique_kaggle_aws_elastic_block_store_volume_0002_aug_8.png,E:\Tech Challenge IADT - Fase 5 - Hackathon\dataset\hybrid_v2\labels\train\kaggle_unique_kaggle_aws_elastic_block_store_volume_0002_aug_8.txt,train,kaggle_unique_kaggle_aws_elastic_block_store_volume_0002,9
current_kaggle_unique_kaggle_aws_elastic_container_service_container_2_0004_aug_4,current,E:\Tech Challenge IADT - Fase 5 - Hackathon\dataset\hybrid_v2\images\train\kaggle_unique_kaggle_aws_elastic_container_service_container_2_0004_aug_4.png,E:\Tech Challenge IADT - Fase 5 - Hackathon\dataset\hybrid_v2\labels\train\kaggle_unique_kaggle_aws_elastic_container_service_container_2_0004_aug_4.txt,train,kaggle_unique_kaggle_aws_elastic_container_service_container_2_0004,8
current_kaggle_unique_kaggle_aws_elastic_container_service_service_0005_aug_2,current,E:\Tech Challenge IADT - Fase 5 - Hackathon\dataset\hybrid_v2\images\train\kaggle_unique_kaggle_aws_elastic_container_service_service_0005_aug_2.png,E:\Tech Challenge IADT - Fase 5 - Hackathon\dataset\hybrid_v2\labels\train\kaggle_unique_kaggle_aws_elastic_container_service_service_0005_aug_2.txt,train,kaggle_unique_kaggle_aws_elastic_container_service_service_0005,6
current_kaggle_unique_kaggle_aws_elastic_load_balancing_0005_aug_8,current,E:\Tech Challenge IADT - Fase 5 - Hackathon\dataset\hybrid_v2\images\train\kaggle_unique_kaggle_aws_elastic_load_balancing_0005_aug_8.png,E:\Tech Challenge IADT - Fase 5 - Hackathon\dataset\hybrid_v2\labels\train\kaggle_unique_kaggle_aws_elastic_load_balancing_0005_aug_8.txt,train,kaggle_unique_kaggle_aws_elastic_load_balancing_0005,14
current_kaggle_unique_kaggle_aws_elastic_load_balancing_application_load_balancer_0006_aug_2,current,E:\Tech Challenge IADT - Fase 5 - Hackathon\dataset\hybrid_v2\images\train\kaggle_unique_kaggle_aws_elastic_load_balancing_application_load_balancer_0006_aug_2.png,E:\Tech Challenge IADT - Fase 5 - Hackathon\dataset\hybrid_v2\labels\train\kaggle_unique_kaggle_aws_elastic_load_balancing_application_load_balancer_0006_aug_2.txt,train,kaggle_unique_kaggle_aws_elastic_load_balancing_application_load_balancer_0006,15
current_kaggle_unique_kaggle_aws_identity_access_management_role_0007_aug_6,current,E:\Tech Challenge IADT - Fase 5 - Hackathon\dataset\hybrid_v2\images\train\kaggle_unique_kaggle_aws_identity_access_management_role_0007_aug_6.png,E:\Tech Challenge IADT - Fase 5 - Hackathon\dataset\hybrid_v2\labels\train\kaggle_unique_kaggle_aws_identity_access_management_role_0007_aug_6.txt,train,kaggle_unique_kaggle_aws_identity_access_management_role_0007,10
current_kaggle_unique_kaggle_aws_identity_and_access_management_0001_aug_3,current,E:\Tech Challenge IADT - Fase 5 - Hackathon\dataset\hybrid_v2\images\train\kaggle_unique_kaggle_aws_identity_and_access_management_0001_aug_3.png,E:\Tech Challenge IADT - Fase 5 - Hackathon\dataset\hybrid_v2\labels\train\kaggle_unique_kaggle_aws_identity_and_access_management_0001_aug_3.txt,train,kaggle_unique_kaggle_aws_identity_and_access_management_0001,13
current_kaggle_unique_kaggle_aws_lambda_lambda_function_0002_aug_9,current,E:\Tech Challenge IADT - Fase 5 - Hackathon\dataset\hybrid_v2\images\train\kaggle_unique_kaggle_aws_lambda_lambda_function_0002_aug_9.png,E:\Tech Challenge IADT - Fase 5 - Hackathon\dataset\hybrid_v2\labels\train\kaggle_unique_kaggle_aws_lambda_lambda_function_0002_aug_9.txt,train,kaggle_unique_kaggle_aws_lambda_lambda_function_0002,8
current_kaggle_unique_kaggle_aws_simple_queue_service_queue_0003_aug_9,current,E:\Tech Challenge IADT - Fase 5 - Hackathon\dataset\hybrid_v2\images\train\kaggle_unique_kaggle_aws_simple_queue_service_queue_0003_aug_9.png,E:\Tech Challenge IADT - Fase 5 - Hackathon\dataset\hybrid_v2\labels\train\kaggle_unique_kaggle_aws_simple_queue_service_queue_0003_aug_9.txt,train,kaggle_unique_kaggle_aws_simple_queue_service_queue_0003,10
current_kaggle_unique_kaggle_aws_simple_storage_service_bucket_0003_aug_3,current,E:\Tech Challenge IADT - Fase 5 - Hackathon\dataset\hybrid_v2\images\train\kaggle_unique_kaggle_aws_simple_storage_service_bucket_0003_aug_3.png,E:\Tech Challenge IADT - Fase 5 - Hackathon\dataset\hybrid_v2\labels\train\kaggle_unique_kaggle_aws_simple_storage_service_bucket_0003_aug_3.txt,train,kaggle_unique_kaggle_aws_simple_storage_service_bucket_0003,13
current_kaggle_unique_kaggle_aws_simple_storage_service_bucket_with_objects_0002_aug_2,current,E:\Tech Challenge IADT - Fase 5 - Hackathon\dataset\hybrid_v2\images\train\kaggle_unique_kaggle_aws_simple_storage_service_bucket_with_objects_0002_aug_2.png,E:\Tech Challenge IADT - Fase 5 - Hackathon\dataset\hybrid_v2\labels\train\kaggle_unique_kaggle_aws_simple_storage_service_bucket_with_objects_0002_aug_2.txt,train,kaggle_unique_kaggle_aws_simple_storage_service_bucket_with_objects_0002,8
current_kaggle_unique_kaggle_aws_simple_storage_service_object_0002_aug_0,current,E:\Tech Challenge IADT - Fase 5 - Hackathon\dataset\hybrid_v2\images\train\kaggle_unique_kaggle_aws_simple_storage_service_object_0002_aug_0.png,E:\Tech Challenge IADT - Fase 5 - Hackathon\dataset\hybrid_v2\labels\train\kaggle_unique_kaggle_aws_simple_storage_service_object_0002_aug_0.txt,train,kaggle_unique_kaggle_aws_simple_storage_service_object_0002,9
current_kaggle_unique_kaggle_azure_api_management_services_0006_aug_3,current,E:\Tech Challenge IADT - Fase 5 - Hackathon\dataset\hybrid_v2\images\train\kaggle_unique_kaggle_azure_api_management_services_0006_aug_3.png,E:\Tech Challenge IADT - Fase 5 - Hackathon\dataset\hybrid_v2\labels\train\kaggle_unique_kaggle_azure_api_management_services_0006_aug_3.txt,train,kaggle_unique_kaggle_azure_api_management_services_0006,14
current_kaggle_unique_kaggle_azure_application_insights_0005_aug_3,current,E:\Tech Challenge IADT - Fase 5 - Hackathon\dataset\hybrid_v2\images\train\kaggle_unique_kaggle_azure_application_insights_0005_aug_3.png,E:\Tech Challenge IADT - Fase 5 - Hackathon\dataset\hybrid_v2\labels\train\kaggle_unique_kaggle_azure_application_insights_0005_aug_3.txt,train,kaggle_unique_kaggle_azure_application_insights_0005,14
current_kaggle_unique_kaggle_azure_cosmos_db_0005_aug_3,current,E:\Tech Challenge IADT - Fase 5 - Hackathon\dataset\hybrid_v2\images\train\kaggle_unique_kaggle_azure_cosmos_db_0005_aug_3.png,E:\Tech Challenge IADT - Fase 5 - Hackathon\dataset\hybrid_v2\labels\train\kaggle_unique_kaggle_azure_cosmos_db_0005_aug_3.txt,train,kaggle_unique_kaggle_azure_cosmos_db_0005,12
current_kaggle_unique_kaggle_azure_data_factories_0000_aug_6,current,E:\Tech Challenge IADT - Fase 5 - Hackathon\dataset\hybrid_v2\images\train\kaggle_unique_kaggle_azure_data_factories_0000_aug_6.png,E:\Tech Challenge IADT - Fase 5 - Hackathon\dataset\hybrid_v2\labels\train\kaggle_unique_kaggle_azure_data_factories_0000_aug_6.txt,train,kaggle_unique_kaggle_azure_data_factories_0000,11
current_kaggle_unique_kaggle_azure_event_hubs_0000_aug_8,current,E:\Tech Challenge IADT - Fase 5 - Hackathon\dataset\hybrid_v2\images\train\kaggle_unique_kaggle_azure_event_hubs_0000_aug_8.png,E:\Tech Challenge IADT - Fase 5 - Hackathon\dataset\hybrid_v2\labels\train\kaggle_unique_kaggle_azure_event_hubs_0000_aug_8.txt,train,kaggle_unique_kaggle_azure_event_hubs_0000,11
current_kaggle_unique_kaggle_azure_function_apps_0006_aug_5,current,E:\Tech Challenge IADT - Fase 5 - Hackathon\dataset\hybrid_v2\images\train\kaggle_unique_kaggle_azure_function_apps_0006_aug_5.png,E:\Tech Challenge IADT - Fase 5 - Hackathon\dataset\hybrid_v2\labels\train\kaggle_unique_kaggle_azure_function_apps_0006_aug_5.txt,train,kaggle_unique_kaggle_azure_function_apps_0006,12
current_kaggle_unique_kaggle_azure_load_balancers_0009_aug_5,current,E:\Tech Challenge IADT - Fase 5 - Hackathon\dataset\hybrid_v2\images\train\kaggle_unique_kaggle_azure_load_balancers_0009_aug_5.png,E:\Tech Challenge IADT - Fase 5 - Hackathon\dataset\hybrid_v2\labels\train\kaggle_unique_kaggle_azure_load_balancers_0009_aug_5.txt,train,kaggle_unique_kaggle_azure_load_balancers_0009,9
current_kaggle_unique_kaggle_azure_logic_apps_0002_aug_0,current,E:\Tech Challenge IADT - Fase 5 - Hackathon\dataset\hybrid_v2\images\train\kaggle_unique_kaggle_azure_logic_apps_0002_aug_0.png,E:\Tech Challenge IADT - Fase 5 - Hackathon\dataset\hybrid_v2\labels\train\kaggle_unique_kaggle_azure_logic_apps_0002_aug_0.txt,train,kaggle_unique_kaggle_azure_logic_apps_0002,13
current_kaggle_unique_kaggle_azure_machine_learning_0000_aug_4,current,E:\Tech Challenge IADT - Fase 5 - Hackathon\dataset\hybrid_v2\images\train\kaggle_unique_kaggle_azure_machine_learning_0000_aug_4.png,E:\Tech Challenge IADT - Fase 5 - Hackathon\dataset\hybrid_v2\labels\train\kaggle_unique_kaggle_azure_machine_learning_0000_aug_4.txt,train,kaggle_unique_kaggle_azure_machine_learning_0000,9
current_kaggle_unique_kaggle_azure_machine_learning_studio_workspaces_0005_aug_8,current,E:\Tech Challenge IADT - Fase 5 - Hackathon\dataset\hybrid_v2\images\train\kaggle_unique_kaggle_azure_machine_learning_studio_workspaces_0005_aug_8.png,E:\Tech Challenge IADT - Fase 5 - Hackathon\dataset\hybrid_v2\labels\train\kaggle_unique_kaggle_azure_machine_learning_studio_workspaces_0005_aug_8.txt,train,kaggle_unique_kaggle_azure_machine_learning_studio_workspaces_0005,6
current_kaggle_unique_kaggle_azure_openai_0005_aug_3,current,E:\Tech Challenge IADT - Fase 5 - Hackathon\dataset\hybrid_v2\images\train\kaggle_unique_kaggle_azure_openai_0005_aug_3.png,E:\Tech Challenge IADT - Fase 5 - Hackathon\dataset\hybrid_v2\labels\train\kaggle_unique_kaggle_azure_openai_0005_aug_3.txt,train,kaggle_unique_kaggle_azure_openai_0005,9
current_kaggle_unique_kaggle_azure_sql_0003_aug_7,current,E:\Tech Challenge IADT - Fase 5 - Hackathon\dataset\hybrid_v2\images\train\kaggle_unique_kaggle_azure_sql_0003_aug_7.png,E:\Tech Challenge IADT - Fase 5 - Hackathon\dataset\hybrid_v2\labels\train\kaggle_unique_kaggle_azure_sql_0003_aug_7.txt,train,kaggle_unique_kaggle_azure_sql_0003,10
current_kaggle_unique_kaggle_azure_sql_managed_instance_0009_aug_1,current,E:\Tech Challenge IADT - Fase 5 - Hackathon\dataset\hybrid_v2\images\train\kaggle_unique_kaggle_azure_sql_managed_instance_0009_aug_1.png,E:\Tech Challenge IADT - Fase 5 - Hackathon\dataset\hybrid_v2\labels\train\kaggle_unique_kaggle_azure_sql_managed_instance_0009_aug_1.txt,train,kaggle_unique_kaggle_azure_sql_managed_instance_0009,10
current_kaggle_unique_kaggle_azure_sql_server_0004_aug_0,current,E:\Tech Challenge IADT - Fase 5 - Hackathon\dataset\hybrid_v2\images\train\kaggle_unique_kaggle_azure_sql_server_0004_aug_0.png,E:\Tech Challenge IADT - Fase 5 - Hackathon\dataset\hybrid_v2\labels\train\kaggle_unique_kaggle_azure_sql_server_0004_aug_0.txt,train,kaggle_unique_kaggle_azure_sql_server_0004,9
current_kaggle_unique_kaggle_azure_storage_accounts_0007_aug_4,current,E:\Tech Challenge IADT - Fase 5 - Hackathon\dataset\hybrid_v2\images\train\kaggle_unique_kaggle_azure_storage_accounts_0007_aug_4.png,E:\Tech Challenge IADT - Fase 5 - Hackathon\dataset\hybrid_v2\labels\train\kaggle_unique_kaggle_azure_storage_accounts_0007_aug_4.txt,train,kaggle_unique_kaggle_azure_storage_accounts_0007,9
current_kaggle_unique_kaggle_azure_synapse_analytics_0001_aug_2,current,E:\Tech Challenge IADT - Fase 5 - Hackathon\dataset\hybrid_v2\images\train\kaggle_unique_kaggle_azure_synapse_analytics_0001_aug_2.png,E:\Tech Challenge IADT - Fase 5 - Hackathon\dataset\hybrid_v2\labels\train\kaggle_unique_kaggle_azure_synapse_analytics_0001_aug_2.txt,train,kaggle_unique_kaggle_azure_synapse_analytics_0001,8
current_kaggle_unique_kaggle_azure_virtual_machine_0009_aug_5,current,E:\Tech Challenge IADT - Fase 5 - Hackathon\dataset\hybrid_v2\images\train\kaggle_unique_kaggle_azure_virtual_machine_0009_aug_5.png,E:\Tech Challenge IADT - Fase 5 - Hackathon\dataset\hybrid_v2\labels\train\kaggle_unique_kaggle_azure_virtual_machine_0009_aug_5.txt,train,kaggle_unique_kaggle_azure_virtual_machine_0009,7
current_kaggle_unique_kaggle_gcp_bigquery_0003_aug_0,current,E:\Tech Challenge IADT - Fase 5 - Hackathon\dataset\hybrid_v2\images\train\kaggle_unique_kaggle_gcp_bigquery_0003_aug_0.png,E:\Tech Challenge IADT - Fase 5 - Hackathon\dataset\hybrid_v2\labels\train\kaggle_unique_kaggle_gcp_bigquery_0003_aug_0.txt,train,kaggle_unique_kaggle_gcp_bigquery_0003,9
current_kaggle_unique_kaggle_gcp_cloud_functions_0009_aug_6,current,E:\Tech Challenge IADT - Fase 5 - Hackathon\dataset\hybrid_v2\images\train\kaggle_unique_kaggle_gcp_cloud_functions_0009_aug_6.png,E:\Tech Challenge IADT - Fase 5 - Hackathon\dataset\hybrid_v2\labels\train\kaggle_unique_kaggle_gcp_cloud_functions_0009_aug_6.txt,train,kaggle_unique_kaggle_gcp_cloud_functions_0009,8
current_kaggle_unique_kaggle_gcp_cloud_run_0006_aug_6,current,E:\Tech Challenge IADT - Fase 5 - Hackathon\dataset\hybrid_v2\images\train\kaggle_unique_kaggle_gcp_cloud_run_0006_aug_6.png,E:\Tech Challenge IADT - Fase 5 - Hackathon\dataset\hybrid_v2\labels\train\kaggle_unique_kaggle_gcp_cloud_run_0006_aug_6.txt,train,kaggle_unique_kaggle_gcp_cloud_run_0006,8
current_kaggle_unique_kaggle_gcp_cloud_sql_0006_aug_1,current,E:\Tech Challenge IADT - Fase 5 - Hackathon\dataset\hybrid_v2\images\train\kaggle_unique_kaggle_gcp_cloud_sql_0006_aug_1.png,E:\Tech Challenge IADT - Fase 5 - Hackathon\dataset\hybrid_v2\labels\train\kaggle_unique_kaggle_gcp_cloud_sql_0006_aug_1.txt,train,kaggle_unique_kaggle_gcp_cloud_sql_0006,10
current_kaggle_unique_kaggle_gcp_cloud_storage_0007_aug_0,current,E:\Tech Challenge IADT - Fase 5 - Hackathon\dataset\hybrid_v2\images\train\kaggle_unique_kaggle_gcp_cloud_storage_0007_aug_0.png,E:\Tech Challenge IADT - Fase 5 - Hackathon\dataset\hybrid_v2\labels\train\kaggle_unique_kaggle_gcp_cloud_storage_0007_aug_0.txt,train,kaggle_unique_kaggle_gcp_cloud_storage_0007,14
current_kaggle_unique_kaggle_gcp_compute_engine_0003_aug_2,current,E:\Tech Challenge IADT - Fase 5 - Hackathon\dataset\hybrid_v2\images\train\kaggle_unique_kaggle_gcp_compute_engine_0003_aug_2.png,E:\Tech Challenge IADT - Fase 5 - Hackathon\dataset\hybrid_v2\labels\train\kaggle_unique_kaggle_gcp_compute_engine_0003_aug_2.txt,train,kaggle_unique_kaggle_gcp_compute_engine_0003,12
current_kaggle_unique_kaggle_gcp_google_kubernetes_engine_0004_aug_2,current,E:\Tech Challenge IADT - Fase 5 - Hackathon\dataset\hybrid_v2\images\train\kaggle_unique_kaggle_gcp_google_kubernetes_engine_0004_aug_2.png,E:\Tech Challenge IADT - Fase 5 - Hackathon\dataset\hybrid_v2\labels\train\kaggle_unique_kaggle_gcp_google_kubernetes_engine_0004_aug_2.txt,train,kaggle_unique_kaggle_gcp_google_kubernetes_engine_0004,9
current_kaggle_unique_kaggle_gcp_identity_and_access_management_0007_aug_0,current,E:\Tech Challenge IADT - Fase 5 - Hackathon\dataset\hybrid_v2\images\train\kaggle_unique_kaggle_gcp_identity_and_access_management_0007_aug_0.png,E:\Tech Challenge IADT - Fase 5 - Hackathon\dataset\hybrid_v2\labels\train\kaggle_unique_kaggle_gcp_identity_and_access_management_0007_aug_0.txt,train,kaggle_unique_kaggle_gcp_identity_and_access_management_0007,5
current_kaggle_unique_kaggle_gcp_vertex_ai_0009_aug_2,current,E:\Tech Challenge IADT - Fase 5 - Hackathon\dataset\hybrid_v2\images\train\kaggle_unique_kaggle_gcp_vertex_ai_0009_aug_2.png,E:\Tech Challenge IADT - Fase 5 - Hackathon\dataset\hybrid_v2\labels\train\kaggle_unique_kaggle_gcp_vertex_ai_0009_aug_2.txt,train,kaggle_unique_kaggle_gcp_vertex_ai_0009,12
current_current_arch_val_0000,current,E:\Tech Challenge IADT - Fase 5 - Hackathon\dataset\hybrid_v2\images\val\current_arch_val_0000.jpg,E:\Tech Challenge IADT - Fase 5 - Hackathon\dataset\hybrid_v2\labels\val\current_arch_val_0000.txt,val,current_arch_val_0000,6
current_current_arch_val_0001,current,E:\Tech Challenge IADT - Fase 5 - Hackathon\dataset\hybrid_v2\images\val\current_arch_val_0001.jpg,E:\Tech Challenge IADT - Fase 5 - Hackathon\dataset\hybrid_v2\labels\val\current_arch_val_0001.txt,val,current_arch_val_0001,10
current_current_arch_val_0002,current,E:\Tech Challenge IADT - Fase 5 - Hackathon\dataset\hybrid_v2\images\val\current_arch_val_0002.jpg,E:\Tech Challenge IADT - Fase 5 - Hackathon\dataset\hybrid_v2\labels\val\current_arch_val_0002.txt,val,current_arch_val_0002,7
current_current_arch_val_0003,current,E:\Tech Challenge IADT - Fase 5 - Hackathon\dataset\hybrid_v2\images\val\current_arch_val_0003.jpg,E:\Tech Challenge IADT - Fase 5 - Hackathon\dataset\hybrid_v2\labels\val\current_arch_val_0003.txt,val,current_arch_val_0003,9
current_current_arch_val_0004,current,E:\Tech Challenge IADT - Fase 5 - Hackathon\dataset\hybrid_v2\images\val\current_arch_val_0004.jpg,E:\Tech Challenge IADT - Fase 5 - Hackathon\dataset\hybrid_v2\labels\val\current_arch_val_0004.txt,val,current_arch_val_0004,7
current_current_arch_val_0005,current,E:\Tech Challenge IADT - Fase 5 - Hackathon\dataset\hybrid_v2\images\val\current_arch_val_0005.jpg,E:\Tech Challenge IADT - Fase 5 - Hackathon\dataset\hybrid_v2\labels\val\current_arch_val_0005.txt,val,current_arch_val_0005,9
current_current_arch_val_0006,current,E:\Tech Challenge IADT - Fase 5 - Hackathon\dataset\hybrid_v2\images\val\current_arch_val_0006.jpg,E:\Tech Challenge IADT - Fase 5 - Hackathon\dataset\hybrid_v2\labels\val\current_arch_val_0006.txt,val,current_arch_val_0006,10
current_current_arch_val_0007,current,E:\Tech Challenge IADT - Fase 5 - Hackathon\dataset\hybrid_v2\images\val\current_arch_val_0007.jpg,E:\Tech Challenge IADT - Fase 5 - Hackathon\dataset\hybrid_v2\labels\val\current_arch_val_0007.txt,val,current_arch_val_0007,7
current_current_arch_val_0008,current,E:\Tech Challenge IADT - Fase 5 - Hackathon\dataset\hybrid_v2\images\val\current_arch_val_0008.jpg,E:\Tech Challenge IADT - Fase 5 - Hackathon\dataset\hybrid_v2\labels\val\current_arch_val_0008.txt,val,current_arch_val_0008,6
current_current_arch_val_0009,current,E:\Tech Challenge IADT - Fase 5 - Hackathon\dataset\hybrid_v2\images\val\current_arch_val_0009.jpg,E:\Tech Challenge IADT - Fase 5 - Hackathon\dataset\hybrid_v2\labels\val\current_arch_val_0009.txt,val,current_arch_val_0009,5
current_current_arch_val_0010,current,E:\Tech Challenge IADT - Fase 5 - Hackathon\dataset\hybrid_v2\images\val\current_arch_val_0010.jpg,E:\Tech Challenge IADT - Fase 5 - Hackathon\dataset\hybrid_v2\labels\val\current_arch_val_0010.txt,val,current_arch_val_0010,8
current_current_arch_val_0011,current,E:\Tech Challenge IADT - Fase 5 - Hackathon\dataset\hybrid_v2\images\val\current_arch_val_0011.jpg,E:\Tech Challenge IADT - Fase 5 - Hackathon\dataset\hybrid_v2\labels\val\current_arch_val_0011.txt,val,current_arch_val_0011,9
current_current_arch_val_0012,current,E:\Tech Challenge IADT - Fase 5 - Hackathon\dataset\hybrid_v2\images\val\current_arch_val_0012.jpg,E:\Tech Challenge IADT - Fase 5 - Hackathon\dataset\hybrid_v2\labels\val\current_arch_val_0012.txt,val,current_arch_val_0012,8
current_current_arch_val_0013,current,E:\Tech Challenge IADT - Fase 5 - Hackathon\dataset\hybrid_v2\images\val\current_arch_val_0013.jpg,E:\Tech Challenge IADT - Fase 5 - Hackathon\dataset\hybrid_v2\labels\val\current_arch_val_0013.txt,val,current_arch_val_0013,6
current_current_arch_val_0014,current,E:\Tech Challenge IADT - Fase 5 - Hackathon\dataset\hybrid_v2\images\val\current_arch_val_0014.jpg,E:\Tech Challenge IADT - Fase 5 - Hackathon\dataset\hybrid_v2\labels\val\current_arch_val_0014.txt,val,current_arch_val_0014,10
current_current_arch_val_0015,current,E:\Tech Challenge IADT - Fase 5 - Hackathon\dataset\hybrid_v2\images\val\current_arch_val_0015.jpg,E:\Tech Challenge IADT - Fase 5 - Hackathon\dataset\hybrid_v2\labels\val\current_arch_val_0015.txt,val,current_arch_val_0015,9
current_current_arch_val_0016,current,E:\Tech Challenge IADT - Fase 5 - Hackathon\dataset\hybrid_v2\images\val\current_arch_val_0016.jpg,E:\Tech Challenge IADT - Fase 5 - Hackathon\dataset\hybrid_v2\labels\val\current_arch_val_0016.txt,val,current_arch_val_0016,8
current_current_arch_val_0017,current,E:\Tech Challenge IADT - Fase 5 - Hackathon\dataset\hybrid_v2\images\val\current_arch_val_0017.jpg,E:\Tech Challenge IADT - Fase 5 - Hackathon\dataset\hybrid_v2\labels\val\current_arch_val_0017.txt,val,current_arch_val_0017,6
current_current_arch_val_0018,current,E:\Tech Challenge IADT - Fase 5 - Hackathon\dataset\hybrid_v2\images\val\current_arch_val_0018.jpg,E:\Tech Challenge IADT - Fase 5 - Hackathon\dataset\hybrid_v2\labels\val\current_arch_val_0018.txt,val,current_arch_val_0018,7
current_current_arch_val_0019,current,E:\Tech Challenge IADT - Fase 5 - Hackathon\dataset\hybrid_v2\images\val\current_arch_val_0019.jpg,E:\Tech Challenge IADT - Fase 5 - Hackathon\dataset\hybrid_v2\labels\val\current_arch_val_0019.txt,val,current_arch_val_0019,9
current_current_arch_val_0020,current,E:\Tech Challenge IADT - Fase 5 - Hackathon\dataset\hybrid_v2\images\val\current_arch_val_0020.jpg,E:\Tech Challenge IADT - Fase 5 - Hackathon\dataset\hybrid_v2\labels\val\current_arch_val_0020.txt,val,current_arch_val_0020,8
current_current_arch_val_0021,current,E:\Tech Challenge IADT - Fase 5 - Hackathon\dataset\hybrid_v2\images\val\current_arch_val_0021.jpg,E:\Tech Challenge IADT - Fase 5 - Hackathon\dataset\hybrid_v2\labels\val\current_arch_val_0021.txt,val,current_arch_val_0021,8
current_current_arch_val_0022,current,E:\Tech Challenge IADT - Fase 5 - Hackathon\dataset\hybrid_v2\images\val\current_arch_val_0022.jpg,E:\Tech Challenge IADT - Fase 5 - Hackathon\dataset\hybrid_v2\labels\val\current_arch_val_0022.txt,val,current_arch_val_0022,10
current_current_arch_val_0023,current,E:\Tech Challenge IADT - Fase 5 - Hackathon\dataset\hybrid_v2\images\val\current_arch_val_0023.jpg,E:\Tech Challenge IADT - Fase 5 - Hackathon\dataset\hybrid_v2\labels\val\current_arch_val_0023.txt,val,current_arch_val_0023,8
current_current_arch_val_0024,current,E:\Tech Challenge IADT - Fase 5 - Hackathon\dataset\hybrid_v2\images\val\current_arch_val_0024.jpg,E:\Tech Challenge IADT - Fase 5 - Hackathon\dataset\hybrid_v2\labels\val\current_arch_val_0024.txt,val,current_arch_val_0024,9
current_current_arch_val_0025,current,E:\Tech Challenge IADT - Fase 5 - Hackathon\dataset\hybrid_v2\images\val\current_arch_val_0025.jpg,E:\Tech Challenge IADT - Fase 5 - Hackathon\dataset\hybrid_v2\labels\val\current_arch_val_0025.txt,val,current_arch_val_0025,9
current_current_arch_val_0026,current,E:\Tech Challenge IADT - Fase 5 - Hackathon\dataset\hybrid_v2\images\val\current_arch_val_0026.jpg,E:\Tech Challenge IADT - Fase 5 - Hackathon\dataset\hybrid_v2\labels\val\current_arch_val_0026.txt,val,current_arch_val_0026,9
current_current_arch_val_0027,current,E:\Tech Challenge IADT - Fase 5 - Hackathon\dataset\hybrid_v2\images\val\current_arch_val_0027.jpg,E:\Tech Challenge IADT - Fase 5 - Hackathon\dataset\hybrid_v2\labels\val\current_arch_val_0027.txt,val,current_arch_val_0027,8
current_current_arch_val_0028,current,E:\Tech Challenge IADT - Fase 5 - Hackathon\dataset\hybrid_v2\images\val\current_arch_val_0028.jpg,E:\Tech Challenge IADT - Fase 5 - Hackathon\dataset\hybrid_v2\labels\val\current_arch_val_0028.txt,val,current_arch_val_0028,7
current_current_arch_val_0029,current,E:\Tech Challenge IADT - Fase 5 - Hackathon\dataset\hybrid_v2\images\val\current_arch_val_0029.jpg,E:\Tech Challenge IADT - Fase 5 - Hackathon\dataset\hybrid_v2\labels\val\current_arch_val_0029.txt,val,current_arch_val_0029,9
current_current_arch_val_0030,current,E:\Tech Challenge IADT - Fase 5 - Hackathon\dataset\hybrid_v2\images\val\current_arch_val_0030.jpg,E:\Tech Challenge IADT - Fase 5 - Hackathon\dataset\hybrid_v2\labels\val\current_arch_val_0030.txt,val,current_arch_val_0030,9
current_current_arch_val_0031,current,E:\Tech Challenge IADT - Fase 5 - Hackathon\dataset\hybrid_v2\images\val\current_arch_val_0031.jpg,E:\Tech Challenge IADT - Fase 5 - Hackathon\dataset\hybrid_v2\labels\val\current_arch_val_0031.txt,val,current_arch_val_0031,8
current_current_arch_val_0032,current,E:\Tech Challenge IADT - Fase 5 - Hackathon\dataset\hybrid_v2\images\val\current_arch_val_0032.jpg,E:\Tech Challenge IADT - Fase 5 - Hackathon\dataset\hybrid_v2\labels\val\current_arch_val_0032.txt,val,current_arch_val_0032,7
current_current_arch_val_0033,current,E:\Tech Challenge IADT - Fase 5 - Hackathon\dataset\hybrid_v2\images\val\current_arch_val_0033.jpg,E:\Tech Challenge IADT - Fase 5 - Hackathon\dataset\hybrid_v2\labels\val\current_arch_val_0033.txt,val,current_arch_val_0033,9
current_current_arch_val_0034,current,E:\Tech Challenge IADT - Fase 5 - Hackathon\dataset\hybrid_v2\images\val\current_arch_val_0034.jpg,E:\Tech Challenge IADT - Fase 5 - Hackathon\dataset\hybrid_v2\labels\val\current_arch_val_0034.txt,val,current_arch_val_0034,8
current_current_arch_val_0035,current,E:\Tech Challenge IADT - Fase 5 - Hackathon\dataset\hybrid_v2\images\val\current_arch_val_0035.jpg,E:\Tech Challenge IADT - Fase 5 - Hackathon\dataset\hybrid_v2\labels\val\current_arch_val_0035.txt,val,current_arch_val_0035,7
current_current_arch_val_0036,current,E:\Tech Challenge IADT - Fase 5 - Hackathon\dataset\hybrid_v2\images\val\current_arch_val_0036.jpg,E:\Tech Challenge IADT - Fase 5 - Hackathon\dataset\hybrid_v2\labels\val\current_arch_val_0036.txt,val,current_arch_val_0036,7
current_current_arch_val_0037,current,E:\Tech Challenge IADT - Fase 5 - Hackathon\dataset\hybrid_v2\images\val\current_arch_val_0037.jpg,E:\Tech Challenge IADT - Fase 5 - Hackathon\dataset\hybrid_v2\labels\val\current_arch_val_0037.txt,val,current_arch_val_0037,6
current_current_arch_val_0038,current,E:\Tech Challenge IADT - Fase 5 - Hackathon\dataset\hybrid_v2\images\val\current_arch_val_0038.jpg,E:\Tech Challenge IADT - Fase 5 - Hackathon\dataset\hybrid_v2\labels\val\current_arch_val_0038.txt,val,current_arch_val_0038,9
current_current_arch_val_0039,current,E:\Tech Challenge IADT - Fase 5 - Hackathon\dataset\hybrid_v2\images\val\current_arch_val_0039.jpg,E:\Tech Challenge IADT - Fase 5 - Hackathon\dataset\hybrid_v2\labels\val\current_arch_val_0039.txt,val,current_arch_val_0039,7
current_current_arch_val_0040,current,E:\Tech Challenge IADT - Fase 5 - Hackathon\dataset\hybrid_v2\images\val\current_arch_val_0040.jpg,E:\Tech Challenge IADT - Fase 5 - Hackathon\dataset\hybrid_v2\labels\val\current_arch_val_0040.txt,val,current_arch_val_0040,6
current_current_arch_val_0041,current,E:\Tech Challenge IADT - Fase 5 - Hackathon\dataset\hybrid_v2\images\val\current_arch_val_0041.jpg,E:\Tech Challenge IADT - Fase 5 - Hackathon\dataset\hybrid_v2\labels\val\current_arch_val_0041.txt,val,current_arch_val_0041,10
current_current_arch_val_0042,current,E:\Tech Challenge IADT - Fase 5 - Hackathon\dataset\hybrid_v2\images\val\current_arch_val_0042.jpg,E:\Tech Challenge IADT - Fase 5 - Hackathon\dataset\hybrid_v2\labels\val\current_arch_val_0042.txt,val,current_arch_val_0042,5
current_current_arch_val_0043,current,E:\Tech Challenge IADT - Fase 5 - Hackathon\dataset\hybrid_v2\images\val\current_arch_val_0043.jpg,E:\Tech Challenge IADT - Fase 5 - Hackathon\dataset\hybrid_v2\labels\val\current_arch_val_0043.txt,val,current_arch_val_0043,7
current_current_arch_val_0044,current,E:\Tech Challenge IADT - Fase 5 - Hackathon\dataset\hybrid_v2\images\val\current_arch_val_0044.jpg,E:\Tech Challenge IADT - Fase 5 - Hackathon\dataset\hybrid_v2\labels\val\current_arch_val_0044.txt,val,current_arch_val_0044,7
current_current_arch_val_0045,current,E:\Tech Challenge IADT - Fase 5 - Hackathon\dataset\hybrid_v2\images\val\current_arch_val_0045.jpg,E:\Tech Challenge IADT - Fase 5 - Hackathon\dataset\hybrid_v2\labels\val\current_arch_val_0045.txt,val,current_arch_val_0045,7
current_current_arch_val_0046,current,E:\Tech Challenge IADT - Fase 5 - Hackathon\dataset\hybrid_v2\images\val\current_arch_val_0046.jpg,E:\Tech Challenge IADT - Fase 5 - Hackathon\dataset\hybrid_v2\labels\val\current_arch_val_0046.txt,val,current_arch_val_0046,6
current_current_arch_val_0047,current,E:\Tech Challenge IADT - Fase 5 - Hackathon\dataset\hybrid_v2\images\val\current_arch_val_0047.jpg,E:\Tech Challenge IADT - Fase 5 - Hackathon\dataset\hybrid_v2\labels\val\current_arch_val_0047.txt,val,current_arch_val_0047,8
current_current_arch_val_0048,current,E:\Tech Challenge IADT - Fase 5 - Hackathon\dataset\hybrid_v2\images\val\current_arch_val_0048.jpg,E:\Tech Challenge IADT - Fase 5 - Hackathon\dataset\hybrid_v2\labels\val\current_arch_val_0048.txt,val,current_arch_val_0048,8
current_current_arch_val_0049,current,E:\Tech Challenge IADT - Fase 5 - Hackathon\dataset\hybrid_v2\images\val\current_arch_val_0049.jpg,E:\Tech Challenge IADT - Fase 5 - Hackathon\dataset\hybrid_v2\labels\val\current_arch_val_0049.txt,val,current_arch_val_0049,8
current_current_arch_val_0050,current,E:\Tech Challenge IADT - Fase 5 - Hackathon\dataset\hybrid_v2\images\val\current_arch_val_0050.jpg,E:\Tech Challenge IADT - Fase 5 - Hackathon\dataset\hybrid_v2\labels\val\current_arch_val_0050.txt,val,current_arch_val_0050,7
current_current_arch_val_0051,current,E:\Tech Challenge IADT - Fase 5 - Hackathon\dataset\hybrid_v2\images\val\current_arch_val_0051.jpg,E:\Tech Challenge IADT - Fase 5 - Hackathon\dataset\hybrid_v2\labels\val\current_arch_val_0051.txt,val,current_arch_val_0051,8
current_current_arch_val_0052,current,E:\Tech Challenge IADT - Fase 5 - Hackathon\dataset\hybrid_v2\images\val\current_arch_val_0052.jpg,E:\Tech Challenge IADT - Fase 5 - Hackathon\dataset\hybrid_v2\labels\val\current_arch_val_0052.txt,val,current_arch_val_0052,9
current_current_arch_val_0053,current,E:\Tech Challenge IADT - Fase 5 - Hackathon\dataset\hybrid_v2\images\val\current_arch_val_0053.jpg,E:\Tech Challenge IADT - Fase 5 - Hackathon\dataset\hybrid_v2\labels\val\current_arch_val_0053.txt,val,current_arch_val_0053,6
current_current_arch_val_0054,current,E:\Tech Challenge IADT - Fase 5 - Hackathon\dataset\hybrid_v2\images\val\current_arch_val_0054.jpg,E:\Tech Challenge IADT - Fase 5 - Hackathon\dataset\hybrid_v2\labels\val\current_arch_val_0054.txt,val,current_arch_val_0054,6
current_current_arch_val_0055,current,E:\Tech Challenge IADT - Fase 5 - Hackathon\dataset\hybrid_v2\images\val\current_arch_val_0055.jpg,E:\Tech Challenge IADT - Fase 5 - Hackathon\dataset\hybrid_v2\labels\val\current_arch_val_0055.txt,val,current_arch_val_0055,8
current_current_arch_val_0056,current,E:\Tech Challenge IADT - Fase 5 - Hackathon\dataset\hybrid_v2\images\val\current_arch_val_0056.jpg,E:\Tech Challenge IADT - Fase 5 - Hackathon\dataset\hybrid_v2\labels\val\current_arch_val_0056.txt,val,current_arch_val_0056,6
current_current_arch_val_0057,current,E:\Tech Challenge IADT - Fase 5 - Hackathon\dataset\hybrid_v2\images\val\current_arch_val_0057.jpg,E:\Tech Challenge IADT - Fase 5 - Hackathon\dataset\hybrid_v2\labels\val\current_arch_val_0057.txt,val,current_arch_val_0057,7
current_current_arch_val_0058,current,E:\Tech Challenge IADT - Fase 5 - Hackathon\dataset\hybrid_v2\images\val\current_arch_val_0058.jpg,E:\Tech Challenge IADT - Fase 5 - Hackathon\dataset\hybrid_v2\labels\val\current_arch_val_0058.txt,val,current_arch_val_0058,10
current_current_arch_val_0059,current,E:\Tech Challenge IADT - Fase 5 - Hackathon\dataset\hybrid_v2\images\val\current_arch_val_0059.jpg,E:\Tech Challenge IADT - Fase 5 - Hackathon\dataset\hybrid_v2\labels\val\current_arch_val_0059.txt,val,current_arch_val_0059,9
current_kaggle_unique_kaggle_aws_amazon_elastic_container_service_0001_aug_3,current,E:\Tech Challenge IADT - Fase 5 - Hackathon\dataset\hybrid_v2\images\val\kaggle_unique_kaggle_aws_amazon_elastic_container_service_0001_aug_3.png,E:\Tech Challenge IADT - Fase 5 - Hackathon\dataset\hybrid_v2\labels\val\kaggle_unique_kaggle_aws_amazon_elastic_container_service_0001_aug_3.txt,val,kaggle_unique_kaggle_aws_amazon_elastic_container_service_0001,11
current_kaggle_unique_kaggle_aws_key_management_service_0006_aug_9,current,E:\Tech Challenge IADT - Fase 5 - Hackathon\dataset\hybrid_v2\images\val\kaggle_unique_kaggle_aws_key_management_service_0006_aug_9.png,E:\Tech Challenge IADT - Fase 5 - Hackathon\dataset\hybrid_v2\labels\val\kaggle_unique_kaggle_aws_key_management_service_0006_aug_9.txt,val,kaggle_unique_kaggle_aws_key_management_service_0006,8
current_kaggle_unique_kaggle_aws_lambda_0002_aug_3,current,E:\Tech Challenge IADT - Fase 5 - Hackathon\dataset\hybrid_v2\images\val\kaggle_unique_kaggle_aws_lambda_0002_aug_3.png,E:\Tech Challenge IADT - Fase 5 - Hackathon\dataset\hybrid_v2\labels\val\kaggle_unique_kaggle_aws_lambda_0002_aug_3.txt,val,kaggle_unique_kaggle_aws_lambda_0002,11
current_kaggle_unique_kaggle_aws_simple_notification_service_topic_0003_aug_8,current,E:\Tech Challenge IADT - Fase 5 - Hackathon\dataset\hybrid_v2\images\val\kaggle_unique_kaggle_aws_simple_notification_service_topic_0003_aug_8.png,E:\Tech Challenge IADT - Fase 5 - Hackathon\dataset\hybrid_v2\labels\val\kaggle_unique_kaggle_aws_simple_notification_service_topic_0003_aug_8.txt,val,kaggle_unique_kaggle_aws_simple_notification_service_topic_0003,10
current_kaggle_unique_kaggle_aws_simple_storage_service_s3_standard_0001_aug_5,current,E:\Tech Challenge IADT - Fase 5 - Hackathon\dataset\hybrid_v2\images\val\kaggle_unique_kaggle_aws_simple_storage_service_s3_standard_0001_aug_5.png,E:\Tech Challenge IADT - Fase 5 - Hackathon\dataset\hybrid_v2\labels\val\kaggle_unique_kaggle_aws_simple_storage_service_s3_standard_0001_aug_5.txt,val,kaggle_unique_kaggle_aws_simple_storage_service_s3_standard_0001,13
current_kaggle_unique_kaggle_azure_app_services_0003_aug_2,current,E:\Tech Challenge IADT - Fase 5 - Hackathon\dataset\hybrid_v2\images\val\kaggle_unique_kaggle_azure_app_services_0003_aug_2.png,E:\Tech Challenge IADT - Fase 5 - Hackathon\dataset\hybrid_v2\labels\val\kaggle_unique_kaggle_azure_app_services_0003_aug_2.txt,val,kaggle_unique_kaggle_azure_app_services_0003,11
current_kaggle_unique_kaggle_azure_key_vaults_0005_aug_4,current,E:\Tech Challenge IADT - Fase 5 - Hackathon\dataset\hybrid_v2\images\val\kaggle_unique_kaggle_azure_key_vaults_0005_aug_4.png,E:\Tech Challenge IADT - Fase 5 - Hackathon\dataset\hybrid_v2\labels\val\kaggle_unique_kaggle_azure_key_vaults_0005_aug_4.txt,val,kaggle_unique_kaggle_azure_key_vaults_0005,12
current_kaggle_unique_kaggle_azure_monitor_0009_aug_5,current,E:\Tech Challenge IADT - Fase 5 - Hackathon\dataset\hybrid_v2\images\val\kaggle_unique_kaggle_azure_monitor_0009_aug_5.png,E:\Tech Challenge IADT - Fase 5 - Hackathon\dataset\hybrid_v2\labels\val\kaggle_unique_kaggle_azure_monitor_0009_aug_5.txt,val,kaggle_unique_kaggle_azure_monitor_0009,12
current_kaggle_unique_kaggle_gcp_cloud_load_balancing_0004_aug_6,current,E:\Tech Challenge IADT - Fase 5 - Hackathon\dataset\hybrid_v2\images\val\kaggle_unique_kaggle_gcp_cloud_load_balancing_0004_aug_6.png,E:\Tech Challenge IADT - Fase 5 - Hackathon\dataset\hybrid_v2\labels\val\kaggle_unique_kaggle_gcp_cloud_load_balancing_0004_aug_6.txt,val,kaggle_unique_kaggle_gcp_cloud_load_balancing_0004,9
current_current_arch_test_0000,current,E:\Tech Challenge IADT - Fase 5 - Hackathon\dataset\hybrid_v2\images\test\current_arch_test_0000.jpg,E:\Tech Challenge IADT - Fase 5 - Hackathon\dataset\hybrid_v2\labels\test\current_arch_test_0000.txt,test,current_arch_test_0000,8
current_current_arch_test_0001,current,E:\Tech Challenge IADT - Fase 5 - Hackathon\dataset\hybrid_v2\images\test\current_arch_test_0001.jpg,E:\Tech Challenge IADT - Fase 5 - Hackathon\dataset\hybrid_v2\labels\test\current_arch_test_0001.txt,test,current_arch_test_0001,6
current_current_arch_test_0002,current,E:\Tech Challenge IADT - Fase 5 - Hackathon\dataset\hybrid_v2\images\test\current_arch_test_0002.jpg,E:\Tech Challenge IADT - Fase 5 - Hackathon\dataset\hybrid_v2\labels\test\current_arch_test_0002.txt,test,current_arch_test_0002,6
current_current_arch_test_0003,current,E:\Tech Challenge IADT - Fase 5 - Hackathon\dataset\hybrid_v2\images\test\current_arch_test_0003.jpg,E:\Tech Challenge IADT - Fase 5 - Hackathon\dataset\hybrid_v2\labels\test\current_arch_test_0003.txt,test,current_arch_test_0003,8
current_current_arch_test_0004,current,E:\Tech Challenge IADT - Fase 5 - Hackathon\dataset\hybrid_v2\images\test\current_arch_test_0004.jpg,E:\Tech Challenge IADT - Fase 5 - Hackathon\dataset\hybrid_v2\labels\test\current_arch_test_0004.txt,test,current_arch_test_0004,6
current_current_arch_test_0005,current,E:\Tech Challenge IADT - Fase 5 - Hackathon\dataset\hybrid_v2\images\test\current_arch_test_0005.jpg,E:\Tech Challenge IADT - Fase 5 - Hackathon\dataset\hybrid_v2\labels\test\current_arch_test_0005.txt,test,current_arch_test_0005,9
current_current_arch_test_0006,current,E:\Tech Challenge IADT - Fase 5 - Hackathon\dataset\hybrid_v2\images\test\current_arch_test_0006.jpg,E:\Tech Challenge IADT - Fase 5 - Hackathon\dataset\hybrid_v2\labels\test\current_arch_test_0006.txt,test,current_arch_test_0006,8
current_current_arch_test_0007,current,E:\Tech Challenge IADT - Fase 5 - Hackathon\dataset\hybrid_v2\images\test\current_arch_test_0007.jpg,E:\Tech Challenge IADT - Fase 5 - Hackathon\dataset\hybrid_v2\labels\test\current_arch_test_0007.txt,test,current_arch_test_0007,6
current_current_arch_test_0008,current,E:\Tech Challenge IADT - Fase 5 - Hackathon\dataset\hybrid_v2\images\test\current_arch_test_0008.jpg,E:\Tech Challenge IADT - Fase 5 - Hackathon\dataset\hybrid_v2\labels\test\current_arch_test_0008.txt,test,current_arch_test_0008,8
current_current_arch_test_0009,current,E:\Tech Challenge IADT - Fase 5 - Hackathon\dataset\hybrid_v2\images\test\current_arch_test_0009.jpg,E:\Tech Challenge IADT - Fase 5 - Hackathon\dataset\hybrid_v2\labels\test\current_arch_test_0009.txt,test,current_arch_test_0009,9
current_current_arch_test_0010,current,E:\Tech Challenge IADT - Fase 5 - Hackathon\dataset\hybrid_v2\images\test\current_arch_test_0010.jpg,E:\Tech Challenge IADT - Fase 5 - Hackathon\dataset\hybrid_v2\labels\test\current_arch_test_0010.txt,test,current_arch_test_0010,6
current_current_arch_test_0011,current,E:\Tech Challenge IADT - Fase 5 - Hackathon\dataset\hybrid_v2\images\test\current_arch_test_0011.jpg,E:\Tech Challenge IADT - Fase 5 - Hackathon\dataset\hybrid_v2\labels\test\current_arch_test_0011.txt,test,current_arch_test_0011,9
current_current_arch_test_0012,current,E:\Tech Challenge IADT - Fase 5 - Hackathon\dataset\hybrid_v2\images\test\current_arch_test_0012.jpg,E:\Tech Challenge IADT - Fase 5 - Hackathon\dataset\hybrid_v2\labels\test\current_arch_test_0012.txt,test,current_arch_test_0012,8
current_current_arch_test_0013,current,E:\Tech Challenge IADT - Fase 5 - Hackathon\dataset\hybrid_v2\images\test\current_arch_test_0013.jpg,E:\Tech Challenge IADT - Fase 5 - Hackathon\dataset\hybrid_v2\labels\test\current_arch_test_0013.txt,test,current_arch_test_0013,9
current_current_arch_test_0014,current,E:\Tech Challenge IADT - Fase 5 - Hackathon\dataset\hybrid_v2\images\test\current_arch_test_0014.jpg,E:\Tech Challenge IADT - Fase 5 - Hackathon\dataset\hybrid_v2\labels\test\current_arch_test_0014.txt,test,current_arch_test_0014,9
current_current_arch_test_0015,current,E:\Tech Challenge IADT - Fase 5 - Hackathon\dataset\hybrid_v2\images\test\current_arch_test_0015.jpg,E:\Tech Challenge IADT - Fase 5 - Hackathon\dataset\hybrid_v2\labels\test\current_arch_test_0015.txt,test,current_arch_test_0015,6
current_current_arch_test_0016,current,E:\Tech Challenge IADT - Fase 5 - Hackathon\dataset\hybrid_v2\images\test\current_arch_test_0016.jpg,E:\Tech Challenge IADT - Fase 5 - Hackathon\dataset\hybrid_v2\labels\test\current_arch_test_0016.txt,test,current_arch_test_0016,5
current_current_arch_test_0017,current,E:\Tech Challenge IADT - Fase 5 - Hackathon\dataset\hybrid_v2\images\test\current_arch_test_0017.jpg,E:\Tech Challenge IADT - Fase 5 - Hackathon\dataset\hybrid_v2\labels\test\current_arch_test_0017.txt,test,current_arch_test_0017,7
current_current_arch_test_0018,current,E:\Tech Challenge IADT - Fase 5 - Hackathon\dataset\hybrid_v2\images\test\current_arch_test_0018.jpg,E:\Tech Challenge IADT - Fase 5 - Hackathon\dataset\hybrid_v2\labels\test\current_arch_test_0018.txt,test,current_arch_test_0018,7
current_current_arch_test_0019,current,E:\Tech Challenge IADT - Fase 5 - Hackathon\dataset\hybrid_v2\images\test\current_arch_test_0019.jpg,E:\Tech Challenge IADT - Fase 5 - Hackathon\dataset\hybrid_v2\labels\test\current_arch_test_0019.txt,test,current_arch_test_0019,7
current_current_arch_test_0020,current,E:\Tech Challenge IADT - Fase 5 - Hackathon\dataset\hybrid_v2\images\test\current_arch_test_0020.jpg,E:\Tech Challenge IADT - Fase 5 - Hackathon\dataset\hybrid_v2\labels\test\current_arch_test_0020.txt,test,current_arch_test_0020,8
current_current_arch_test_0021,current,E:\Tech Challenge IADT - Fase 5 - Hackathon\dataset\hybrid_v2\images\test\current_arch_test_0021.jpg,E:\Tech Challenge IADT - Fase 5 - Hackathon\dataset\hybrid_v2\labels\test\current_arch_test_0021.txt,test,current_arch_test_0021,8
current_current_arch_test_0022,current,E:\Tech Challenge IADT - Fase 5 - Hackathon\dataset\hybrid_v2\images\test\current_arch_test_0022.jpg,E:\Tech Challenge IADT - Fase 5 - Hackathon\dataset\hybrid_v2\labels\test\current_arch_test_0022.txt,test,current_arch_test_0022,10
current_current_arch_test_0023,current,E:\Tech Challenge IADT - Fase 5 - Hackathon\dataset\hybrid_v2\images\test\current_arch_test_0023.jpg,E:\Tech Challenge IADT - Fase 5 - Hackathon\dataset\hybrid_v2\labels\test\current_arch_test_0023.txt,test,current_arch_test_0023,6
current_current_arch_test_0024,current,E:\Tech Challenge IADT - Fase 5 - Hackathon\dataset\hybrid_v2\images\test\current_arch_test_0024.jpg,E:\Tech Challenge IADT - Fase 5 - Hackathon\dataset\hybrid_v2\labels\test\current_arch_test_0024.txt,test,current_arch_test_0024,8
current_current_arch_test_0025,current,E:\Tech Challenge IADT - Fase 5 - Hackathon\dataset\hybrid_v2\images\test\current_arch_test_0025.jpg,E:\Tech Challenge IADT - Fase 5 - Hackathon\dataset\hybrid_v2\labels\test\current_arch_test_0025.txt,test,current_arch_test_0025,7
current_current_arch_test_0026,current,E:\Tech Challenge IADT - Fase 5 - Hackathon\dataset\hybrid_v2\images\test\current_arch_test_0026.jpg,E:\Tech Challenge IADT - Fase 5 - Hackathon\dataset\hybrid_v2\labels\test\current_arch_test_0026.txt,test,current_arch_test_0026,9
current_current_arch_test_0027,current,E:\Tech Challenge IADT - Fase 5 - Hackathon\dataset\hybrid_v2\images\test\current_arch_test_0027.jpg,E:\Tech Challenge IADT - Fase 5 - Hackathon\dataset\hybrid_v2\labels\test\current_arch_test_0027.txt,test,current_arch_test_0027,9
current_current_arch_test_0028,current,E:\Tech Challenge IADT - Fase 5 - Hackathon\dataset\hybrid_v2\images\test\current_arch_test_0028.jpg,E:\Tech Challenge IADT - Fase 5 - Hackathon\dataset\hybrid_v2\labels\test\current_arch_test_0028.txt,test,current_arch_test_0028,8
current_current_arch_test_0029,current,E:\Tech Challenge IADT - Fase 5 - Hackathon\dataset\hybrid_v2\images\test\current_arch_test_0029.jpg,E:\Tech Challenge IADT - Fase 5 - Hackathon\dataset\hybrid_v2\labels\test\current_arch_test_0029.txt,test,current_arch_test_0029,10
current_kaggle_unique_kaggle_aws_amazon_simple_notification_service_0008_aug_7,current,E:\Tech Challenge IADT - Fase 5 - Hackathon\dataset\hybrid_v2\images\test\kaggle_unique_kaggle_aws_amazon_simple_notification_service_0008_aug_7.png,E:\Tech Challenge IADT - Fase 5 - Hackathon\dataset\hybrid_v2\labels\test\kaggle_unique_kaggle_aws_amazon_simple_notification_service_0008_aug_7.txt,test,kaggle_unique_kaggle_aws_amazon_simple_notification_service_0008,13
current_kaggle_unique_kaggle_aws_auto_scaling_0001_aug_9,current,E:\Tech Challenge IADT - Fase 5 - Hackathon\dataset\hybrid_v2\images\test\kaggle_unique_kaggle_aws_auto_scaling_0001_aug_9.png,E:\Tech Challenge IADT - Fase 5 - Hackathon\dataset\hybrid_v2\labels\test\kaggle_unique_kaggle_aws_auto_scaling_0001_aug_9.txt,test,kaggle_unique_kaggle_aws_auto_scaling_0001,8
current_kaggle_unique_kaggle_aws_elastic_load_balancing_network_load_balancer_0004_aug_7,current,E:\Tech Challenge IADT - Fase 5 - Hackathon\dataset\hybrid_v2\images\test\kaggle_unique_kaggle_aws_elastic_load_balancing_network_load_balancer_0004_aug_7.png,E:\Tech Challenge IADT - Fase 5 - Hackathon\dataset\hybrid_v2\labels\test\kaggle_unique_kaggle_aws_elastic_load_balancing_network_load_balancer_0004_aug_7.txt,test,kaggle_unique_kaggle_aws_elastic_load_balancing_network_load_balancer_0004,9
current_kaggle_unique_kaggle_azure_container_instances_0004_aug_2,current,E:\Tech Challenge IADT - Fase 5 - Hackathon\dataset\hybrid_v2\images\test\kaggle_unique_kaggle_azure_container_instances_0004_aug_2.png,E:\Tech Challenge IADT - Fase 5 - Hackathon\dataset\hybrid_v2\labels\test\kaggle_unique_kaggle_azure_container_instances_0004_aug_2.txt,test,kaggle_unique_kaggle_azure_container_instances_0004,9
current_kaggle_unique_kaggle_azure_databricks_0001_aug_4,current,E:\Tech Challenge IADT - Fase 5 - Hackathon\dataset\hybrid_v2\images\test\kaggle_unique_kaggle_azure_databricks_0001_aug_4.png,E:\Tech Challenge IADT - Fase 5 - Hackathon\dataset\hybrid_v2\labels\test\kaggle_unique_kaggle_azure_databricks_0001_aug_4.txt,test,kaggle_unique_kaggle_azure_databricks_0001,12
current_kaggle_unique_kaggle_azure_kubernetes_services_0003_aug_7,current,E:\Tech Challenge IADT - Fase 5 - Hackathon\dataset\hybrid_v2\images\test\kaggle_unique_kaggle_azure_kubernetes_services_0003_aug_7.png,E:\Tech Challenge IADT - Fase 5 - Hackathon\dataset\hybrid_v2\labels\test\kaggle_unique_kaggle_azure_kubernetes_services_0003_aug_7.txt,test,kaggle_unique_kaggle_azure_kubernetes_services_0003,9
current_kaggle_unique_kaggle_azure_sql_database_0007_aug_5,current,E:\Tech Challenge IADT - Fase 5 - Hackathon\dataset\hybrid_v2\images\test\kaggle_unique_kaggle_azure_sql_database_0007_aug_5.png,E:\Tech Challenge IADT - Fase 5 - Hackathon\dataset\hybrid_v2\labels\test\kaggle_unique_kaggle_azure_sql_database_0007_aug_5.txt,test,kaggle_unique_kaggle_azure_sql_database_0007,11
current_kaggle_unique_kaggle_azure_vm_scale_sets_0001_aug_6,current,E:\Tech Challenge IADT - Fase 5 - Hackathon\dataset\hybrid_v2\images\test\kaggle_unique_kaggle_azure_vm_scale_sets_0001_aug_6.png,E:\Tech Challenge IADT - Fase 5 - Hackathon\dataset\hybrid_v2\labels\test\kaggle_unique_kaggle_azure_vm_scale_sets_0001_aug_6.txt,test,kaggle_unique_kaggle_azure_vm_scale_sets_0001,8
current_kaggle_unique_kaggle_gcp_pubsub_0006_aug_6,current,E:\Tech Challenge IADT - Fase 5 - Hackathon\dataset\hybrid_v2\images\test\kaggle_unique_kaggle_gcp_pubsub_0006_aug_6.png,E:\Tech Challenge IADT - Fase 5 - Hackathon\dataset\hybrid_v2\labels\test\kaggle_unique_kaggle_gcp_pubsub_0006_aug_6.txt,test,kaggle_unique_kaggle_gcp_pubsub_0006,14
active_real_aws-serverless-async,active_real,E:\Tech Challenge IADT - Fase 5 - Hackathon\dataset\active_learning_real_v1\images\train\aws-serverless-async.png,E:\Tech Challenge IADT - Fase 5 - Hackathon\dataset\active_learning_real_v1\labels\train\aws-serverless-async.txt,train,aws-serverless-async,11
active_real_aws-video-pipeline,active_real,E:\Tech Challenge IADT - Fase 5 - Hackathon\dataset\active_learning_real_v1\images\train\aws-video-pipeline.png,E:\Tech Challenge IADT - Fase 5 - Hackathon\dataset\active_learning_real_v1\labels\train\aws-video-pipeline.txt,train,aws-video-pipeline,16
active_real_azure-ai-foundry,active_real,E:\Tech Challenge IADT - Fase 5 - Hackathon\dataset\active_learning_real_v1\images\train\azure-ai-foundry.png,E:\Tech Challenge IADT - Fase 5 - Hackathon\dataset\active_learning_real_v1\labels\train\azure-ai-foundry.txt,train,azure-ai-foundry,6
active_real_azure-container-edge,active_real,E:\Tech Challenge IADT - Fase 5 - Hackathon\dataset\active_learning_real_v1\images\train\azure-container-edge.png,E:\Tech Challenge IADT - Fase 5 - Hackathon\dataset\active_learning_real_v1\labels\train\azure-container-edge.txt,train,azure-container-edge,5
active_real_azure-hub-spoke,active_real,E:\Tech Challenge IADT - Fase 5 - Hackathon\dataset\active_learning_real_v1\images\train\azure-hub-spoke.png,E:\Tech Challenge IADT - Fase 5 - Hackathon\dataset\active_learning_real_v1\labels\train\azure-hub-spoke.txt,train,azure-hub-spoke,8
active_real_azure-private-ai-platform,active_real,E:\Tech Challenge IADT - Fase 5 - Hackathon\dataset\active_learning_real_v1\images\train\azure-private-ai-platform.png,E:\Tech Challenge IADT - Fase 5 - Hackathon\dataset\active_learning_real_v1\labels\train\azure-private-ai-platform.txt,train,azure-private-ai-platform,12
active_real_generic-cloud-api,active_real,E:\Tech Challenge IADT - Fase 5 - Hackathon\dataset\active_learning_real_v1\images\train\generic-cloud-api.jpg,E:\Tech Challenge IADT - Fase 5 - Hackathon\dataset\active_learning_real_v1\labels\train\generic-cloud-api.txt,train,generic-cloud-api,8
active_real_aws-eks-platform,active_real,E:\Tech Challenge IADT - Fase 5 - Hackathon\dataset\active_learning_real_v1\images\val\aws-eks-platform.png,E:\Tech Challenge IADT - Fase 5 - Hackathon\dataset\active_learning_real_v1\labels\val\aws-eks-platform.txt,val,aws-eks-platform,14
active_real_gcp-secure-cloud-run,active_real,E:\Tech Challenge IADT - Fase 5 - Hackathon\dataset\active_learning_real_v1\images\val\gcp-secure-cloud-run.png,E:\Tech Challenge IADT - Fase 5 - Hackathon\dataset\active_learning_real_v1\labels\val\gcp-secure-cloud-run.txt,val,gcp-secure-cloud-run,12
